# ************************************************************
# Sequel Pro SQL dump
# Version 3408
#
# http://www.sequelpro.com/
# http://code.google.com/p/sequel-pro/
#
# Host: 127.0.0.1 (MySQL 5.5.9)
# Database: indaba
# Generation Time: 2012-05-25 21:13:20 -0700
# ************************************************************


/*!40101 SET @OLD_CHARACTER_SET_CLIENT=@@CHARACTER_SET_CLIENT */;
/*!40101 SET @OLD_CHARACTER_SET_RESULTS=@@CHARACTER_SET_RESULTS */;
/*!40101 SET @OLD_COLLATION_CONNECTION=@@COLLATION_CONNECTION */;
/*!40101 SET NAMES utf8 */;
/*!40014 SET @OLD_FOREIGN_KEY_CHECKS=@@FOREIGN_KEY_CHECKS, FOREIGN_KEY_CHECKS=0 */;
/*!40101 SET @OLD_SQL_MODE=@@SQL_MODE, SQL_MODE='NO_AUTO_VALUE_ON_ZERO' */;
/*!40111 SET @OLD_SQL_NOTES=@@SQL_NOTES, SQL_NOTES=0 */;


# Dump of table notification_item
# ------------------------------------------------------------

DROP TABLE IF EXISTS `notification_item`;

CREATE TABLE `notification_item` (
  `id` int(11) NOT NULL AUTO_INCREMENT,
  `subject_text` varchar(255) NOT NULL,
  `body_text` text,
  `language_id` int(11) DEFAULT NULL,
  `notification_type_id` int(11) DEFAULT NULL,
  PRIMARY KEY (`id`),
  UNIQUE KEY `uni_ind` (`notification_type_id`,`language_id`),
  KEY `fk_language` (`language_id`),
  KEY `fk_notification_type` (`notification_type_id`)
) ENGINE=MyISAM DEFAULT CHARSET=utf8;

LOCK TABLES `notification_item` WRITE;
/*!40000 ALTER TABLE `notification_item` DISABLE KEYS */;

INSERT INTO `notification_item` (`id`, `subject_text`, `body_text`, `language_id`, `notification_type_id`)
VALUES
	(1,'How\'s <contenttitle> going?','Hi there <username>!\n\nYou are probably already working on \"<goalname>\" of \"<contenttitle>\" for the Project \"<projectname>\". That good, because your deadline is approaching! It\'s on <goalduetime>.      \n\nThanks for all the work you\'re doing! If you have any questions, get on Indaba and send you manager a sitemail from the PEOPLE tab. They like hearing from you. Please don\'t reply to this message directly, but rather to your project manager. Indaba is software that does not respond to messages.\n\nThank you. Your work is appreciated. \n<projectname> Staff\n\nhttp://indabaplatform.com',1,1),
	(2,'Hi there! The <contenttitle> is due.','Hi there <username>!\n\nRemember that assignment you had -- \"<goalname>\" for \"<contenttitle>\"? It turns out that is due on <goalduetime>. Please send that in as soon as possible! If you could go to Indaba and submit that, your manager would certainly appreciate it. \n\nDo you have questions or problems? If so, send your manager a message and we\'ll get it all sorted out. Please don\'t reply to this message directly, but rather to your project manager. Indaba is software that does not respond to messages.\n\nThank you. Your work is appreciated. \n<projectname> Staff\n\nhttp://indabaplatform.com',1,2),
	(3,'A task needs a user.','Hello <username>,\n\nThis is to inform you that no user has been assigned to \"<taskname>\" for \"<contenttitle>\" in the project \"<projectname>\".  Please don\'t reply to this message directly, but rather to your project manager. Indaba is software that does not respond to messages.\n\nThat will cause problems so let\'s fix that, ok? \n\nBeep beep,\nIndaba Robot',1,3),
	(5,'Submission received: <taskname> for <contenttitle>','Hi there <username>!\n\nWe have received your submission \"<taskname>\" for \"<contenttitle>\".  <projectname> staff will review your work and contact you if they have questions.\nAlternatively, you’ll be updated soon about the progress of the \"<projectname>\". \n\nI\'ll send announcements to everyone who needs to know about this -- no action is required from you at this time.\n\nPlease don\'t reply to this message directly, but rather to your project manager. Indaba is software that does not respond to messages.\n\nThank you. Your work is appreciated. \n<projectname> Staff\n\nhttp://indabaplatform.com',1,5),
	(6,'Submission received: <taskname> for <contenttitle>','Hi there <username>:                    \n\nWe have received your submission for the assignment <taskname> for <contenttitle>. Thank you! \n\nI\'ll notify everyone who needs to know about this, so no further action is needed from you on this assignment. \n\nThank you. Your work is appreciated. \n<projectname> Project Manager\n\nhttp://indabaplatform.com',1,6),
	(7,'Welcome to Indaba! ','Hello <username>:                   \n\nWelcome to the Indaba fieldwork platform! You\'re getting this email because you\'ve been added to the team for the project \"<projectname>\". \n\nYour next step is to log in to the system with the username and password that the project manager provided you and follow the instructions to do and submit your work.\n\nThroughout the process, Indaba will send you automatic messages, such alerts when a new task has been assigned to you, reminders about deadlines, confirmations when you submit your work, and more. Indaba will also automatically notify <projectname> managers when you have submitted your work.\n\nAs these are automatic messages, please don’t attempt to reply. Instead, get in touch directly with your point of contact if you have a question or would like to discuss any aspect of your work. To email them, you can click the People tab in Indaba and send a site mail. Please don\'t reply to this message directly, but rather to your project manager. Indaba is software that does not respond to messages.\n\nGood luck with your work, and welcome to the team! \n\nThank you. Your work is appreciated. \n <projectname> Staff\n\nhttp://indabaplatform.com',1,7),
	(8,'Your assignment <taskname> on <contenttitle> is due.','Hello <username>:              \n\nThis is a friendly reminder that your assignment \"<taskname>\" for \"<contenttitle>\"  has passed the deadline of <taskduetime>. When you work is ready to submit, we need you to complete that assignment. If you have already completed your work, please check that you have hit the submit button, which notifies the system that you are done. \n\nIf there\'s a problem, or you need assistance with this assignment, we\'re happy to help you! Please send your manager a site mail from Indaba\'s People tab.  Please don\'t reply to this message directly, but rather to your project manager. Indaba is software that does not respond to messages.\n\nThank you. Your work is appreciated. \n<projectname> Project Manager \n\nhttp://indabaplatform.com',1,8),
	(9,'Your assignment <taskname> for <contenttitle> is overdue.','Hi there <username>:                \n\nThis is the another friendly reminder that your assignment <taskname> for <contenttitle> has passed its deadline: <taskduetime>. \n\nWhat\'s going on? Can we help? \n\nIf you can\'t finish and submit the assignment, please get on Indaba and send your manager a site mail. You can do this from the People tab. Please don\'t reply to this message directly, but rather to your project manager. Indaba is software that does not respond to messages.\n\nThank you. Your work is appreciated. \n<projectname> Staff\n\nhttp://indabaplatform.com',1,9),
	(10,'Milestone Completed','Hi there <username>:\n                   \nThanks to your work (and maybe some other folks)  the milestone <goalname> of <contenttitle> has been completed. Good work! \n\nI\'ll make sure everyone who needs to know about this is informed. \n\nPlease don\'t reply to this message directly, but rather to your project manager. Indaba is software that does not respond to messages.\n\nThank you. Your work is appreciated. \n<projectname> Project Manager \n\nhttp://indabaplatform.com',1,10),
	(11,'Queue: <taskname> for <contenttitle> has been added.','Hi <username>:        \n\nThe assignment <taskname> for <contenttitle> is available. If you want to work on it, please log into Indaba to claim it in the Queues tab. Just click on “I want this,” wait about a minute and the assignment will appear in “Your Assignments” box.\n\nPlease don\'t reply to this message directly, but rather to your project manager. Indaba is software that does not respond to messages.\n\nThank you. Your work is appreciated. \n<projectname> Project Manager \n\nhttp://indabaplatform.com',1,11),
	(12,'<projectname> is done! ','Dear <username>: \n\nI checked and it\'s true. All the Indaba assignments for <projectname> are done. \n\nHooray for finishing the project! This is a big deal, and represents work by so many people. Well done, everyone. \n\nThank you. Your work is appreciated. \n<projectname> Project Manager \n\nhttp://indabaplatform.com',1,12),
	(13,'<contenttitle> is ready for you to start working.','Hi there <username>,    \r\n\r\nThe assignment <taskname> for <contenttitle> is ready for you to start working. To access the information please go to Indaba and click on the link that appears in the yellow “Your Assignments” box.\r\n\r\nYour deadline for this assignment is: <taskduetime>. \r\n\r\nIf you have questions or difficulty meeting your deadline, please\r\ncontact the <projectname> manager who has been working with you in this project. You can find your manager at Indaba\'s People tab, and send them a site mail. Please don\'t reply to this message directly, but rather to your project manager. Indaba is software that does not respond to messages.\r\n\r\nThank you. Your work is appreciated. \r\n<projectname> Project Manager \r\n\r\nhttp://indabaplatform.com',1,13),
	(14,'How\'s that <contenttitle> going? ','Hi <username>:           \n\nThis is a friendly reminder that your assignment <taskname> for <contenttitle> is approaching its deadline -- <taskduetime>. \n\nYou\'re probably pretty close to done, right? If so, great! If not, you could send your manager a site mail. You can find your manager at Indaba\'s People tab.\n\nPlease don\'t reply to this message directly, but rather to your project manager. Indaba is software that does not respond to messages.\n\nThank you. Your work is appreciated. \n<projectname> Staff\n\nhttp://indabaplatform.com',1,14),
	(15,'Deadline for <contenttitle> approaching! ','Hi there <username>:           \r\n\r\nAnother friendly reminder that your assignment \"<taskname>\" for \"<contenttitle>\" is approaching its deadline -- <taskduetime>. .       \r\n\r\nEverything going ok? If not, please send your manager a site mail. You can find your manager at Indaba\'s PEOPLE tab.\r\n\r\nPlease don\'t reply to this message directly, but rather to your project manager. Indaba is software that does not respond to messages.\r\n\r\nThank you. Your work is appreciated. \r\n<projectname> Staff \r\n\r\nhttp://indabaplatform.com',1,15),
	(16,'You have received an Indaba site message.','Dear <username>,\n\nYou have a new message on the Indaba platform website. Please go to the site to read the message.\n\nPlease don\'t reply to this message directly, but rather to your project manager. Indaba is software that does not respond to messages.\n\nThank you. Your work is appreciated. \n<projectname> Staff\n\nhttp://indabaplatform.com',1,16),
	(17,'You have been assigned a case. ','Dear <username>:  \n \nThis is to inform you that the case \"<casename>\" has been assigned to you. Please visit Indaba and resolve the issue as soon as possible.\n\nPlease don\'t reply to this message directly, but rather to your project manager. Indaba is software that does not respond to messages.\n\nThank you. Your work is appreciated. \n<projectname> Project Manager \n\nhttp://indabaplatform.com',1,17),
	(18,'Someone has opened a case that mentions you.  ','Dear <username>:  \n \nThis is to inform you someone has attached your name to the case \"<casename>\". This means that someone is trying to solve a problem, and wants you to be able to see their progress. \n\nCases are used to provide transparency while people solve problems with fieldwork. The next time you visit Indaba, you will see the case title in the \"Your Cases\" box. You can click on the case title to see up to date discussion of this issue, or contribute new information.\n\nPlease don\'t reply to this message directly, but rather to your project manager. Indaba is software that does not respond to messages.\n\nThank you. Your work is appreciated. \n<projectname> Staff\n\nhttp://indabaplatform.com',1,18),
	(19,'Notify - Case Status Change','Hi <username>: \n \nThe status of the case \"<casename>\" has been changed to \"<casestatus>\". I thought you should know. \n\nPlease don\'t reply to this message directly, but rather to your project manager. Indaba is software that does not respond to messages.\n  \nThank you. Your work is appreciated. \n<projectname> Project Manager \n\nhttp://indabaplatform.com',1,19),
	(20,'Notify - Review Feedback Posted','Dear <username>: \n \n<projectname> staff has reviewed your work on <contenttitle>  and has some questions. Please log in to Indaba to see the questions and send your responses.\n\nWhen you log in to Indaba, use the link to <contenttitle> that appears in the yellow “Your Assignments” box. That will take you to the page where you can respond to the manager’s questions. Make sure your look at the Staff /Author Discussion box to see the comments and questions there.\n\nPlease provide your responses as soon as possible.\n\nPlease don\'t reply to this message directly, but rather to your project manager. Indaba is software that does not respond to messages.\n  \nThank you. Your work is appreciated. \n<projectname> Project Manager \n\nhttp://indabaplatform.com',1,20),
	(21,'Review feedback received for <contenttitle>','Dear <username>: \n \nThe author has posted responses to your review of \"<contenttitle>\". Please go to Indaba to continue your review. \n\nAfter reading the response to your review, you can either end the review and submit, or send more questions to the author to start a new round of discussion. \n\nPlease don\'t reply to this message directly, but rather to your project manager. Indaba is software that does not respond to messages.\n  \nThank you. Your work is appreciated. \n<projectname> Project Manager \n\nhttp://indabaplatform.com\n\n',1,21),
	(22,'<targetname>: <taskname> for <productname> is done.','Progress! We have completed <taskname> for <contenttitle>. Thanks, team! \n\nThank you. Your work is appreciated. \n<projectname> Project Manager \n\nhttp://indabaplatform.com',1,22),
	(23,'<contenttitle> is done!','I am delighted to announce that \"<contenttitle>\" in the Project \"<projectname>\" has been completed. Nice work, team!      \n\nThank you. Your work is appreciated. \n<projectname> Project Manager \n\nhttp://indabaplatform.com',1,23),
	(24,'Indaba Password Recovery','Dear <username>: \n \nYour password is:    \n\n<password> \n\nPlease don\'t reply to this message directly, but rather to your project manager. Indaba is software that does not respond to messages.\n\nThank you!\n<projectname> Project Manager \n\nhttp://indabaplatform.com',1,24),
	(25,'Your feedback <contenttitle> is skipped.','Hi <username>: \n \nAt some point, I asked you to respond to feedback for <contenttitle>. Change of plans -- you don\'t need to submit feedback\n\nWhatever the issue was, it\'s been resolved.\n\nPlease don\'t reply to this message directly, but rather to your project manager. Indaba is software that does not respond to messages.\n\nThank you!\n<projectname> Project Manager \n\nhttp://indabaplatform.com',1,25),
	(26,'Indaba assignment: <taskname> for <contenttitle>','Dear <username>:    \n\nYou have been assigned the task <taskname> for <contenttitle> in the Project <projectname>. This assignment will appear in the yellow \"Your Assignments\" box when you visit the Indaba site. \n\nIf you have questions about this assignment, send you manager a sitemail from the People tab in Indaba. \n\nPlease don\'t reply to this message directly, but rather to your project manager. Indaba is software that does not respond to messages.\n\nThank you. Your work is appreciated. \n<projectname> Staff \n\nhttp://indabaplatform.com',1,26),
	(27,'<contenttitle> is <daysafterdue> days overdue','Hello <username>:\n\nIt is my duty to inform you that the task \"<taskname>\" for \"<contenttitle>\" has passed its deadline -- <taskduetime>. It\'s currently <daysafterdue> days overdue.\n\nIf you need help, send you manager a message from the PEOPLE tab in Indaba. Please don\'t reply to this message directly, but rather to your project manager. Indaba is software that does not respond to messages.\n\nThank you. Your work is appreciated. \n<projectname> Staff\n\nhttp://indabaplatform.com',1,27),
	(28,'<contenttitle> is now <daysafterdue> days overdue','Dear <username>:\n\nI have to tell you that the task \"<taskname>\" of \"<contenttitle>\" in the Project \"<projectname>\" has passed its deadline <taskduetime> by <daysafterdue> days. Sorry to hear that!   \n\nPlease don\'t reply to this message directly, but rather to your project manager. Indaba is software that does not respond to messages.   \n\nYour work is appreciated. \n<projectname> Project Manager \n\nhttp://indabaplatform.com',1,28),
	(33,'Task Deadline Changed','Dear <username>:    \n\nThis is to inform you that the deadline of your Task <taskname> for <contenttitle> has been changed to <taskduetime>. \n\nPlease don\'t reply to this message directly, but rather to your project manager. Indaba is software that does not respond to messages.\n\nThank you. Your work is appreciated. \n<projectname> Project Manager \n\nhttp://indabaplatform.com',1,33),
	(29,'Payment Sent','Dear <username>:\n\nWe would like to inform you that we have sent you a payment for your work. \n\nSometimes the transfer takes a few days, but if you don\'t see it within a week, please check with your bank about the status of the payment. \n\nPlease don\'t reply to this message directly, but rather to your project manager. Indaba is software that does not respond to messages.      \n\nThank you. Your work is appreciated. \n<projectname> Staff\n\nhttp://indabaplatform.com',1,29),
	(30,'<contenttitle> is done! ','I am delighted to announce that <contenttitle> in the project <projectname> has been completed. Nice work, team!      \n\nThank you. Your work is appreciated. \n<projectname> Project Manager \n\nhttp://indabaplatform.com',1,30),
	(31,'Peer Review for <contenttitle> has started','Hi, peer reviewers! It\'s go time. <contenttitle> has started peer review. \n\nBeep beep,   \nIndaba Robot \nfor <projectname>\n\nhttp://indabaplatform.com',1,31),
	(32,'Peer Review for <contenttitle> is done','Good job, peer reviewers! <contenttitle> has completed peer review. \n\nThank you. Your work is appreciated. \n<projectname> Project Manager \n\nhttp://indabaplatform.com',1,32),
	(34,'Quel est l\'avancement de <contenttile>?','Bonjour <username>!\r\n\r\nVous êtes certainement entrain de travailler sur \"<goalname>\" de \"<contenttile>\" concernant le projet \"<projectname>\". Nous vous rappelons que la date d\'échéance approche! Elle est indiquée sur <goalduetime>. Merci pour le travail que vous êtes entrain de réaliser. Si vous avez des questions, ouvrez le site Indaba et envoyer à votre directeur un message de la part de PEOPLE tab. Cela leur fera plaisir d\'avoir de vos nouvelles. Veuillez ne pas répondre à ce message directement, seulement à votre directeur de projet. Indaba est un software qui ne permet pas d\'envoyer des réponses aux messages reçus. Merci encore. Nous apprécions beaucoup votre travail. \r\n\r\nLe personnel du <projectname> \r\nhttp://indabaplatform.com',2,1),
	(35,'Bonjour! La date pour le travail <contentitle> est arrivé à échéance','Bonjour <username>! \r\n\r\nVous vous souvenez du travail assigné \"<goalname>\" relatif au Titre \"<contenttitle>\"? Ce travail est arrivé à échéance selon le délai <goalduetime>.  Nos vous prions de bien vouloir l\'envoyer le plus tôt possible. Si vous pouviez ouvrir Indaba et envoyer le travail, votre directeur vous en sera gré. Avez-vous des questions ou des problèmes? Dans ce cas, envoyez un message à votre directeur de travail et nous essayerons de le résoudre. Veuillez ne pas répondre à ce message directement, seulement à votre directeur de projet. Indaba est un software qui ne permet pas d\'envoyer des réponses aux messages reçus. Merci encore. Nous apprécions beaucoup votre travail. \r\n\r\nLe personnel du Projet du <projectname>. http://indabaplatform.com ',2,2),
	(36,'Nous avons besoin d\'un utilisateur pour cette tâche','Bonjour <username>!\r\n\r\nNous vous informons que la tâche \"<taskname>\" du projet  ayant pour titre \"<contenttitle>\" concernant le projet\"<projectname>\"  n\'a pas été assignée. Veuillez ne pas répondre à ce message directement, seulement à votre directeur de projet. Indaba est un software qui ne permet pas d\'envoyer des réponses aux messages reçus. Ceci représentera  un probléme, donc essayons de le résoudre, d\'accord? \r\n\r\nBip bip, signé le Robot d\'Indaba.',2,3),
	(37,'Remise  du travail bien reçue; nom de la tâche <taskname> correspondant au titre <contenttitle>','Bonjour <username>!\r\n\r\nNous avons bien reçu votre travail \"<taskname>\" portant le titre \"<contenttitle>\". Le personnel du projet <projectname> revisera votre travail et vous contactera s\'ils ont des questions à vous poser. Par ailleurs, nous vous tiendrons au courant au sujet de la progression du Projet \"<projectname>\" Veuillez ne pas répondre à ce message directement, seulement à votre directeur de projet. Indaba est un software qui ne permet pas d\'envoyer des réponses aux messages reçus. Merci encore. Nous apprécions beaucoup votre travail. \r\n\r\nLe personnel du <projectname>\r\nhttp://indabaplatform.com',2,5),
	(38,'Remise  du travail bien reçue; nom de la tâche <taskname> correspondant au titre <contenttitle>','Bonjour <username>!\r\n\r\nNous avons bien reçu votre travail \"<taskname>\" portant le titre \"<contenttitle>\". Merci ! J\'en ferai pat à tous ceux qui doivent en prendre connaissance. Donc, votre tâche se termine ici en ce qui concerne cette assignation. Merci. Nous apprécions beaucoup votre travail.  \r\n\r\nLe personnel du <projectname> \r\nhttp://indabaplatform.com',2,6),
	(39,'Bienvenu sur Indaba !','Bonjour <username>!\r\n\r\nBienvenu sur la plateforme de travail du site d\'Inbada ! L\'envoi de ce courrier vous informe que vous êtes intégré à l\'équipe de travail concernant le projet \"<projectname>\". L\'étape suivante sera d\'entrer dans le système au moyen de votre nom d\'utilisateur et de votre code d\'accès que le directeur de projet vous a donné. Suivez les instructions pour réaliser votre travail et nous l\'envoyer une fois terminé. Tout au long du processus, Indaba vous transmettra des messages automatiques tels que des signaux d\'alarme lorsqu\'un nouveau travail vous sera assigné, des rappels concernant les délais de remise du travail, la confirmation de reception du travail et autres. Indaba  notifiera automatiquement  aux directeurs de projets <projectname> que vous avez remis votre travail. Dû au fait que ce sont des messsages automatiques, n\'essayez pas de répondre, Au contraire, contactez votre point de contact direct  si vous avez des questions ou si vous désirez discuter un aspect de votre travail.  Pour envoyer vos messages à vos contacts, cliquez  sur la languette PERSONNES tab sur Indaba et envoyez  un courrier de site. Veuillez ne pas répondre directement à ce message, répondez directement à votre directeur de projet. Le software d\'Indaba ne permet pas de répondre aux messages. Bonne chance pour ce travail et bienvenu au sein de l\'équipe ! Merci. Nous apprécions votre travail. \r\n\r\nLe personnel du <projectname> \r\nhttp://indabaplatform.com',2,7),
	(40,'La tâche qui vous a été assigné <taskname> concernant le tire <contenttitle> est arrivée à échéance','Bonjour <username>! \r\n\r\nCeci est un rappel pour votre informer que votre tâche assignée \"<taskname>\" portant le titre \"<contenttile>\" est arrivée à échéance <taskduetime>. Dès que votre travail sera prêt pour être remis, envoyez-le car nous en avons besoin pour terminer cette assigantion. Si vous avez terminé le travail, vérifiez bien que vous avez appuyé sur la touche  \"remettre le travail\", qui indique au système que vous avez terminé. Si vous avez un problème ou si vous avez besoin d\'aide au sujet de cette assignation, nous nous ferons un plaisir de vous aider. Veuillez envoyer un courrier de site à votre directeur à partir de la languette Indaba People tab. Veuillez ne pas répondre directement à ce message, répondez directement à votre directeur de projet. Le software d\'Indaba ne permet pas de répondre aux messages. Bonne chance pour ce travail et bienvenu au sein de l\'équipe! Merci. Nous apprécions votre travail. \r\n\r\nLe directeur du projet <projectname> \r\nhttp://indabaplatform.com',2,8),
	(41,'Le délai pour la remise de la tâche <taskname> correspondant au titre <contenttitle> est depuis quelques temps arrivé à échéance. ','Bonjour <username>! \r\n\r\nCeci est un nouveau gentil rappel pour votre informer que votre tâche assignée \"<taskname>\" portant le titre \"<contenttile>\" est arrivée à échéance depuis quelque temps  <taskduetime>. Que se passe-t-il? Pouvons-nous vous aider? Si vous ne pouvez pas terminer et remettre le travail assigné, entrez sur  Indaba  et envoyez un courrier de site à votre directeur de projet. Vous pouvez y accéder à partir de la languette People tab. Veuillez ne pas répondre à ce message directement, seulement à votre directeur de projet. Indaba est un software qui ne permet pas d\'envoyer des réponses aux messages reçus. Merci . Nous apprécions votre travail. \r\n\r\nLe personnel du <projectname> \r\nhttp://indabaplatform.com ',2,9),
	(42,'Étape arrivée à sa fin','Bonjour <username>: \r\n\r\nGrâce à votre travail (et dans doute à vos collaborateurs), l\'étape <goalname> portant le titre <contenttitle> est terminée. Bon travail ! Nous nous assurerons d\'informer les personnes qui doivent être tenues au courant de ce sujet. Veuillez ne pas répondre à ce message directement, seulement à votre directeur de projet. Indaba est un software qui ne permet pas d\'envoyer des réponses aux messages reçus. Merci encore. Nous apprécions beaucoup votre travail. \r\n\r\nLe directeur du projet <projectname> \r\nhttp://indabaplatform.com',2,10),
	(43,'File d\'attente: la tâche <taskname> correspondant au titre <contenttitle> a été ajoutée sur la file d\'attente. ','Bonjour <username>! \r\n\r\nL\'assignation du travail  <taskname> portant le titre <contenttitle> est disponible. Si vous désirez travailler sur ce sujet, entrez sur Indaba pour l\'obtenir sur la languette Files d\'attentes . Simplement cliquez sur \" je voudrais ce sujet\", attendez environ une minute et l\'assignation apparaîtra dans la case \" Vos Assignations\". Veuillez ne pas répondre à ce message directement, seulement à votre directeur de projet. Indaba est un software qui ne permet pas d\'envoyer des réponses aux messages reçus. Merci encore. Nous apprécions beaucoup votre travail. \r\n\r\nLe directeur du projet <projectname> \r\nhttp://indabaplatform.com',2,11),
	(44,'Le projet <projectname> est terminé !','Bonjour <username>: \r\n\r\nJ\'ai vérifié et je confirme que tous les travaux assignés sont terminés. Félicitations pour mener à bien le projet. Ceci est très important et représente un travail réalisé par une énorme quantité  de personnes. Félicitations à tous. Merci. Votre travail est très apprécié. \r\n\r\nLe directeur du Projet <projectname> \r\nhttp://indabaplatform.com',2,12),
	(45,'Quel est l\'état de votre avancement du titre <contenttitle> ?','Bonjour <username>: \r\n\r\nCeci est un gentil rappel pour vous informer que votre travail assigné <taskname> portant le titre de <contenttitle> arrive bientôt à échéance. -- <taskduetime>. Vous êtes certaiment sur le point de le terminer, n\'est-ce pas? Si c\'est le cas, parfait ! Si vous avez encore beaucoup à faire, envoyez un message à votre directeur de projet sur le courrier du site. Vous pouvez contacter votre directeur sur la languette des Gens de Indaba. Veuillez ne pas répondre à ce message directement, seulement à votre directeur de projet. Indaba est un software qui ne permet pas d\'envoyer des réponses aux messages reçus. Merci encore. Nous apprécions beaucoup votre travail. \r\n\r\nLe personnel du Projet du <projectname> \r\nhttp://indabaplatform.com',2,14),
	(46,'La date d\'échéance pour le travail <contenttitle> aproche !','Bonjour <username>\r\n\r\nCeci est un autre gentil rappel  pour vous informer que le travail assigné arrive bientôt à échéance. -- <taskduetime>. Tout va bien?  Dans le cas contraire, envoyez un message à votre directeur de projet sur le courrier du site. Vous pouvez contacter votre directeur sur la languette des Gens de Indaba. Veuillez ne pas répondre à ce message directement, seulement à votre directeur de projet. Indaba est un software qui ne permet pas d\'envoyer des réponses aux messages reçus. Merci encore. Nous apprécions beaucoup votre travail. \r\n\r\nLe personnel du Projet du <projectname> http://indabaplatform.com',2,15),
	(47,'Vous venez de recevoir un message sur le site d\'Indaba.','Vous venez de recevoir un nouveau message sur le site web de la plateforme Indaba. Veuillez vister le site pour pouvoir lire votre message. Veuillez ne pas répondre à ce message directement, seulement à votre directeur de projet. Indaba est un software qui ne permet pas d\'envoyer des réponses aux messages reçus. Merci encore. Nous apprécions beaucoup votre travail. \r\n\r\nLe personnel du Projet du <projectname> \r\nhttp://indabaplatform.com',2,16),
	(48,'Une affaire vient de vous être assignée','Bonjour <username>: \r\n\r\nNous vous informons que l\'affaire \"<casename>\" vous a été assignée. Veuillez visiter le site d\'Indaba et nous indiquez votre décision aussitôt que possible. Veuillez ne pas répondre à ce message directement, seulement à votre directeur de projet. Indaba est un software qui ne permet pas d\'envoyer des réponses aux messages reçus. Merci encore. Nous apprécions beaucoup votre travail. \r\n\r\nLe directeur du Projet du <projectname> \r\nhttp://indabaplatform.com',2,17),
	(49,'Quelque\'un a ouvert une affaire dans laquelle vous avez collaboré','Bonjour <username>: \r\n\r\nNous vous informons que quelqu\'un a mentionné votre nom en relation à l\'affaire \"<casename>\". Ceci signifie que quelqu\'un essaie de résoudre un problème et souhaite que vous preniez connaissance de ses avancements. Les affaires traitées s\'utilisent pour assurer la transparence des travaux tandis que des personnes apportent des solutions aux travaux et recherches sur le terrain. Dès que vous aurez l\'occasion de visiter le site Indaba, vous verrez le titre de l\'affaire dans votre case \" Vos affaires à traiter\". Vous pouvez cliquer sur le titre de l\'affaire pour consulter la discussion actualisée  sur ce sujet ou bien vous pouvez contribuer au travail en apportant de nouvelles informations. Veuillez ne pas répondre à ce message directement, seulement à votre directeur de projet. Indaba est un software qui ne permet pas d\'envoyer des réponses aux messages reçus. Merci encore. Nous apprécions beaucoup votre travail. \r\n\r\nLe directeur du Projet du <projectname> \r\nhttp://indabaplatform.com',2,18),
	(50,'Notification - Changement de statut de l\'affaire','Bonjour <username>: \r\n\r\nLe statut de l\'affaire \"<casename>\" a été modifié pour \"<casestatus>\". Nous avons cru bon de vous en informer.Veuillez ne pas répondre à ce message directement, seulement à votre directeur de projet. Indaba est un software qui ne permet pas d\'envoyer des réponses aux messages reçus. Merci encore. Nous apprécions beaucoup votre travail. \r\n\r\nLe directeur du Projet du <projectname> http://indabaplatform.com',2,19),
	(51,'Notification - Affichage de la révision du retour d\'information','Bonjour <username>: \r\n\r\nLe personnel du projet <projectname> a révisé votre travail  portant le titre <contenttitle> et souhaite vous poser des questions. Veuillez entrer à Indaba pour visualiser les questions et envoyer vos réponses. Lorsque vous entrez sur Indaba, servez-vous du lien pour le titre <contenttitle> qui apparaît dans la case jaune \" vos tâches assignées\" . Ceci vous ouvrira la page oú vous pourrez répondre  aux questions du directeur du projet. Assurez-vous de bien visualiser la case  de dicussion de l\'Auteur / du personnel afin de voir les commentaires et les questions qui s\'y trouvent. Veuillez envoyer vos réponses aussitôt que possible. Veuillez ne pas répondre à ce message directement, seulement à votre directeur de projet. Indaba est un software qui ne permet pas d\'envoyer des réponses aux messages reçus. Merci encore. Nous apprécions beaucoup votre travail. \r\n\r\nLe Directeur du Projet du <projectname> \r\nhttp://indabaplatform.com',2,20),
	(52,'Révision du retour d\'informations reçue portant le tire <contenttitle>','Bonjour  <username>: \r\n\r\nL\'auteur a affiché des réponses à votre révision du titre \"<contenttitle>\". Entrez sur Indaba pour continuer votre révision. Aprés avoir lu la réponse à votre révision, vous pouvez soit mettre fin à la révision et l\'envoyer, soit posez d\'autres questions à l\'auteur afin de commencer une nouvelle manche de discussions. Veuillez ne pas répondre à ce message directement, seulement à votre directeur de projet. Indaba est un software qui ne permet pas d\'envoyer des réponses aux messages reçus. Merci encore. Nous apprécions beaucoup votre travail. \r\n\r\nLe directeur du Projet du <projectname> \r\nhttp://indabaplatform.com',2,21),
	(53,'Cible <targetname> correspondant au produit <productname> a pris fin.','Réussite ! Vous avez terminé le travail <taskname> portant le titre <contenttitle>. Merci à l\'équipe. Merci beaucoup. Nous apprécions beaucoup votre travail.  \r\n\r\nLe Directeur de Projet du <projectname> \r\nhttp://indabaplatform.com',2,22),
	(54,'Le titre <contenttitle> est terminé !','Je suis ravi de vous annoncer que le sujet \"<contenttitle>\" relatif au projet \"<projectname>\" est arrivé à terme. À toute l\'équipe, félicitations pour un travail bien fait.  Merci. Votre travail est très apprécié. \r\n\r\nLe Directeur du Projet du <projectname>\r\nhttp://indabaplatform.com.',2,23),
	(55,'Récupération du code d\'accès d\'Indaba.','Bonjour <username>: \r\n\r\nVotre code d\'accès est <password>. Veuillez ne pas répondre à ce message directement, seulement à votre directeur de projet. Indaba est un software qui ne permet pas d\'envoyer des réponses aux messages reçus. Merci. \r\n\r\nLe directeur du Projet du <projectname> \r\nhttp://indabaplatform.com',2,24),
	(56,'Votre retour d\'information au sujet de <contenttitle> omis','Bonjour <username>: \r\n\r\nIl y a quelque temps, je vous ai demandé de répondre au retour d\'informations  concernant le titre <contenttitle>. Changement de programme -- il n\'est pas nécesaire d\'envoyer votre retour d\'informations. La question a été résolue. Veuillez ne pas répondre à ce message directement, seulement à votre directeur de projet. Indaba est un software qui ne permet pas d\'envoyer des réponses aux messages reçus. Merci. \r\n\r\nLe directeur du Projet du <projectname> \r\nhttp://indabaplatform.com',2,25),
	(57,'Tâche assignée par Indaba: nom de la tâche <taskname> correspondant au titre <contenttitle>','Bonjour <username>: \r\n\r\nle travail qui vous a été assigné  est <taskname> portant le titre <contenttitle> et concernant le projet <projectname>. Ce travail assigné apparaîtra dans votre case \" vos tâches assignées\" lorsque vous visiterez le site d\'Indaba.  Si vous avez des questions au sujet de cette assignation, vous pouvez contacter votre directeur sur la languette des Gens d\' Indaba. Veuillez ne pas répondre à ce message directement, seulement à votre directeur de projet. Indaba est un software qui ne permet pas d\'envoyer des réponses aux messages reçus. Merci encore. Nous apprécions beaucoup votre travail. \r\n\r\nLe personnel du Projet du <projectname> \r\nhttp://indabaplatform.com',2,26),
	(58,'La tâche qui vous a été assigné <taskname> concernant le tire <contenttitle> est arrivée à échéance','Bonjour <username>: \r\n\r\nJe dois vous informer que la tâche \"<taskname>\" portant le tire \"<contenttitle>\" est arrivée depuis quelque temps à échéance -- <taskduetime>. En réalité vous avez <daysafterdue>  jours de retard sur le délai établi. Si vous avez besoin d\'aide, contactez votre directeur de projet à travers la languette des GENS d\'Indaba. Veuillez ne pas répondre à ce message directement, seulement à votre directeur de projet. Indaba est un software qui ne permet pas d\'envoyer des réponses aux messages reçus. Merci encore. Nous apprécions votre travail. \r\n\r\nLe directeur du Projet du <projectname> \r\nhttp://indabaplatform.com',2,27),
	(59,'Changement de la date d\'échéance de la tâche assignée','Bonjour <username>: \r\n\r\nnous vous informons que la date d\'échéance pour la remise de votre tâche \"<taskname>\" correspondant au projet \"<projectname>\" a été changée d\'appelation pour <taskduetime>. Veuillez ne pas répondre à ce message directement, seulement à votre directeur de projet. Indaba est un software qui ne permet pas d\'envoyer des réponses aux messages reçus. Merci encore. Nous apprécions  votre travail. \r\n\r\nLe directeur du Projet du <projectname> \r\nhttp://indabaplatform.com',2,33),
	(60,'la remise du  titre <contenttitle> est en retard de <daysafterdue> ','Bonjour <username>: \r\n\r\nJe dois vous informer que la tâche \"<taskname>\" portant le titre \"<contenttitle>\" correspondant au Projet \"<projectname>\" est arrivée  à échéance <taskduetime> et il y a  <daysafterdue>  jours de retard sur le délai établi.  J\'en suis délolé.  Veuillez ne pas répondre à ce message directement, seulement à votre directeur de projet. Indaba est un software qui ne permet pas d\'envoyer des réponses aux messages reçus. Merci encore. Nous apprécions votre travail. \r\n\r\nLe directeur du Projet du <projectname> \r\nhttp://indabaplatform.com',2,28),
	(61,'Paiement effectué','Bonjour <username>: \r\n\r\nnous vous informons que nous vous avons envoyé le paiement de votre travail. Parfois, le transfert bancaire prend quelques jours. Si vous ne l\'avez pas reçu dans une période de 8 jours, veuillez vérifier l\'état du transfert auprès de votre banque.  Veuillez ne pas répondre à ce message directement, seulement à votre directeur de projet. Indaba est un software qui ne permet pas d\'envoyer des réponses aux messages reçus. Merci encore. Nous apprécions beaucoup votre travail. \r\n\r\nLe directeur du Projet du <projectname> \r\nhttp://indabaplatform.com',2,29),
	(62,'Le titre <contenttitle> est terminé !','J\'ai la joie de vous annoncer que le titre <contenttitle> correspondant au projet <projectname> vient d\'être terminé. Félicitations à l\'équipe pour son excellent travail !. Merci. Nous apprécions votre travail. \r\n\r\nLe Directeur de Project du <projectname>\r\nhttp://indabaplatform.com',2,30),
	(63,'Début de la révision du  titre <contenttitle> par les collègues chargés des révisions ','Bonjour chers collègues chargés des révisions: Le moment est arrivé de se mettre au travail concernant le titre <contenttitle>. \r\n\r\nBIP, BIP, signé le Robot d\' Indaba concernant le projet <projectname> \r\nhttp://indabaplatform.com',2,31),
	(64,'Fin de la révision du  titre <contenttitle> par les collègues chargés des révisions. ','Félicitation pour votre excellent travail, collègues chargé des révisions. Merci, Nous apprécions beaucoup votre travail. Le Directeur de Projet <projectname> http://indabaplatform.com',2,32),
	(65,'<contenttitle> est prêt pour vous de commencer à travailler','Bonjour <username>, \r\n\r\nle travail assigné <taskname> portant le titre <contenttitle> est prêt pour que vous le commenciez.  Pour avoir accès à l\'information, veuillez  entrer à Inbada et cliquez sur le lien qui apparaît dnas la case en jaune \"case de tâches assignées\". Votre délai pour remettre ce travail est: <taskduetime> . Si vous avez des difficultés pour respecter le délai, veuillez contacter votre directeur de projet <projectname> qui travaille avec vous sur ce projet. Vous pouvez contacter votre directeur sur la languette des Gens de Indaba. Veuillez ne pas répondre à ce message directement, seulement à votre directeur de projet. Indaba est un software qui ne permet pas d\'envoyer des réponses aux messages reçus. Merci encore. Nous apprécions beaucoup votre travail. \r\n\r\nLe personnel du Projet du <projectname> \r\nhttp://indabaplatform.com \r\n',2,13),
	(66,'FWD: {0}','<p>\r\n{0} has sent you an Indaba sitemail. The message is below, but you cannot reply by email. To replay, log in to Indaba (\r\nhttp://indabaplatform.com) and go to the Messaging tab.\r\n</p>\r\n<hr/>\r\n{4}\r\n',1,34);

/*!40000 ALTER TABLE `notification_item` ENABLE KEYS */;
UNLOCK TABLES;


# Dump of table notification_type
# ------------------------------------------------------------

DROP TABLE IF EXISTS `notification_type`;

CREATE TABLE `notification_type` (
  `id` int(11) NOT NULL AUTO_INCREMENT,
  `name` varchar(45) NOT NULL,
  `description` varchar(255) DEFAULT NULL,
  PRIMARY KEY (`id`)
) ENGINE=MyISAM DEFAULT CHARSET=utf8 COMMENT='Stores predefined notification types';

LOCK TABLES `notification_type` WRITE;
/*!40000 ALTER TABLE `notification_type` DISABLE KEYS */;

INSERT INTO `notification_type` (`id`, `name`, `description`)
VALUES
	(1,'Alert - Milestone About Due','Alert user that the milestone is reaching due time'),
	(2,'Alert - Milestone Overdue','Alert user that the milestone is overdue'),
	(3,'Alert - Task Not Assigned','Alert user that nobody is assigned to a task'),
	(5,'Confirm - Task Completed','Confirmation message that a task has been completed'),
	(6,'Msg - Thank You','Send this msg to thank a user after he'),
	(7,'Msg - Welcome','Welcome the user to a project'),
	(8,'Notice 1 - Task overdue','First notice to a user that assigned task is overdue'),
	(9,'Notice 2 - Task overdue','Second notice to a user that assigned task is overdue'),
	(10,'Notify - Milestone Completed','Notify a user that a milestone has been completed'),
	(11,'Notify - Please Claim','Ask a user to claim a task from queue'),
	(12,'Notify - Project Done','Notify user that a project is done'),
	(13,'Notify - Task Activated','Notify a user that her task assignment is now activated'),
	(14,'Reminder 1 - Task about due','First reminder to a user that her task assignment is about due'),
	(15,'Reminder 2 - Task about due','Second reminder to a user that her task assignment is about due'),
	(16,'Sys - Site Message Alert','Used to notify user of new site messages'),
	(17,'Sys - Case Assigned','Message for case assignment notification'),
	(18,'Sys - Case Attached','Notify user that he is attached to a case'),
	(19,'Sys - Case Status Change','Notify user of case status change'),
	(20,'Sys - Review Feedback Posted','Notify user of review feedback'),
	(21,'Sys - Review Feedback Response Posted','Notify user of responses to review feedback'),
	(22,'Post - Task Completed','Post the task completion msg to project wall'),
	(23,'Post - Horse Completed','Post the horse completion msg to project wall'),
	(24,'Sys - User Password','Send password to user through email'),
	(25,'Sys - Review Feedback Canceled','Notify the author that review feedback has been canceled'),
	(26,'Sys - Task Assigned','Notify a user that she has been assigned to a task'),
	(27,'Alert 1 - Task Overdue','First alert that a task is overdue'),
	(28,'Alert 2 - Task Overdue','Second alert that a task is overdue'),
	(29,'Notify - Payment Sent','Notify the user that a payment has been sent'),
	(30,'Notify - Horse Completion','Notify user admin that a horse is done'),
	(31,'Post - Peer Review Start','Posts to project wall when peer review starts.'),
	(32,'Post - Peer Review Complete','Posts to project wall when peer review ends.'),
	(33,'Notify - Task Deadline Changed','Notify user of task deadline change'),
	(34,'Notify - Site message/mail','Notify user of site message');

/*!40000 ALTER TABLE `notification_type` ENABLE KEYS */;
UNLOCK TABLES;


# Dump of table text_item
# ------------------------------------------------------------

DROP TABLE IF EXISTS `text_item`;

CREATE TABLE `text_item` (
  `id` int(11) NOT NULL AUTO_INCREMENT,
  `text_resource_id` int(11) NOT NULL,
  `language_id` int(11) NOT NULL,
  `text` text NOT NULL,
  PRIMARY KEY (`id`),
  UNIQUE KEY `uq_rlc` (`text_resource_id`,`language_id`),
  KEY `fk_ti_lang` (`language_id`),
  KEY `fk_ti_resource` (`text_resource_id`)
) ENGINE=MyISAM DEFAULT CHARSET=utf8;

LOCK TABLES `text_item` WRITE;
/*!40000 ALTER TABLE `text_item` DISABLE KEYS */;

INSERT INTO `text_item` (`id`, `text_resource_id`, `language_id`, `text`)
VALUES
	(10000,10000,1,'Log in failed!'),
	(10002,10001,1,'The attached file is missing from the data store. Please contact system administrator!'),
	(10004,10002,1,'Internal server error/exception occurs. Please contact your administrator!'),
	(10006,10003,1,'Invalid parameter: \"{0}\" is unrecongnized!'),
	(10008,10004,1,'Invalid request: parameter \"{0}\" is not specified!'),
	(10010,10005,1,'{0} is not existed: {1}!'),
	(10012,10006,1,'Exceeds max file size. Note, the permitted max file size is 10M!'),
	(10024,10012,1,'You have completed this assignment. Thank you!'),
	(10026,10013,1,'Notebook Saved!'),
	(10028,10014,1,'suspended'),
	(10030,10015,1,'inactive'),
	(10032,10016,1,'active'),
	(10034,10017,1,'aware'),
	(10038,10019,1,'started'),
	(10040,10020,1,'done'),
	(10042,10021,1,'STATUS'),
	(10044,10022,1,'VIEW'),
	(10046,10023,1,'HISTORY'),
	(10048,10024,1,'GOAL'),
	(10050,10025,1,'ESTIMATE'),
	(10052,10026,1,'% DONE'),
	(10054,10027,1,'NEXT DUE'),
	(10056,10028,1,'OPEN CASES'),
	(10058,10029,1,'PEOPLE ASSIGNED'),
	(10060,10030,1,'This box is currently empty.'),
	(10062,10031,1,'not started'),
	(10064,10032,1,'completed'),
	(10066,10033,1,'in progress'),
	(10068,10034,1,'noticed'),
	(10070,10035,1,'signed in'),
	(10072,10036,1,'% complete'),
	(10074,10037,1,'Next Step'),
	(10076,10038,1,'No assginment for \'{0}\''),
	(10078,10039,1,'view content'),
	(10080,10040,1,'history chart'),
	(10082,10041,1,'Edit'),
	(10084,10042,1,'Product'),
	(10086,10043,1,'Exclude Selected'),
	(10088,10044,1,'Include Selected'),
	(10090,10045,1,'Overdue'),
	(10092,10046,1,'Not Overdue'),
	(10094,10047,1,'All'),
	(10096,10048,1,'Add'),
	(10098,10049,1,'Answer'),
	(10100,10050,1,'CASE'),
	(10102,10051,1,'TITLE'),
	(10104,10052,1,'PRIORITY'),
	(10106,10053,1,'OWNER'),
	(10108,10054,1,'ATTACHED CONTENT'),
	(10110,10055,1,'NAME'),
	(10114,10057,1,'COUNTRY'),
	(10116,10058,1,'TEAMS'),
	(10118,10059,1,'ASSIGNED CONTENT'),
	(10120,10060,1,'Add note successfully!'),
	(10122,10061,1,'Failed to add {0} note!'),
	(10124,10062,1,'Create new case successfully!'),
	(10126,10063,1,'Create new case failed!'),
	(10128,10064,1,'SUCCESS'),
	(10130,10065,1,'FAIL'),
	(10132,10066,1,'Total: {0, number, #}, New: {1, number, #}'),
	(10134,10067,1,'Change password successfully!'),
	(10136,10068,1,'Change password failed!'),
	(10138,10069,1,'Anonymous'),
	(10140,10070,1,'Contributor'),
	(10142,10071,1,'No Project'),
	(10144,10072,1,'Invalid username!'),
	(10146,10073,1,'Validity username!'),
	(10148,10074,1,'Invalid parameters!'),
	(10150,10075,1,'Thank you for your answer!'),
	(10152,10076,1,'Only English is supported in this version!'),
	(10154,10077,1,'Cannot find survey question!'),
	(10156,10078,1,'Cannot get country name!'),
	(10158,10079,1,'Update case successfully!'),
	(10160,10080,1,'Update case failed!'),
	(10162,10081,1,'DEADLINE'),
	(10164,10082,1,'Please provide your opinions!'),
	(10166,10083,1,'Info'),
	(10168,10084,1,'Error'),
	(10170,10085,1,'Confirmation'),
	(10172,10086,1,'Warn'),
	(10174,10087,1,'Failed to submit your review because of internal error!'),
	(10176,10088,1,'Saved'),
	(10178,10089,1,'Please input source information!'),
	(10180,10090,1,'Please choose a source!'),
	(10182,10091,1,'Please choose at lease one source!'),
	(10184,10092,1,'Please input source description!'),
	(10186,10093,1,'Please choose a score option!'),
	(10188,10094,1,'Please input your answer!'),
	(10190,10095,1,'Please provide your suggested scoring change as well as comments supporting your change!'),
	(10192,10096,1,'Please enter your comments!'),
	(10194,10097,1,'Server internal error, please concact to your administrator!'),
	(10196,10098,1,'You have {0} answers left which have not been reviewed!'),
	(10198,10099,1,'Are you sure you have completed the assignment and want to submit now?'),
	(10200,10100,1,'There are pending questions that author has not responded.\nAre you sure you have completed the assignment and want to submit now?'),
	(10202,10101,1,'This text is currently <span style=\'font-weight: bold; color: orange;\'>{0}</span> words long. This exceeds the maximum word count of <span style=\'font-weight: bold; color: orange;\'>{1}</span>. Your work has not been submitted. Please revise the text and resubmit your work.'),
	(10204,10102,1,'This text is currently <span style=\'font-weight: bold; color: orange;\'>{0}</span> words long.  This is below the minimum word count of <span style=\'font-weight: bold; color: orange;\'>{1}</span>.  Your work has not been submitted. Please revise the text and resubmit your work.'),
	(10208,10104,1,'Please input the topic title!'),
	(10210,10105,1,'User Notes'),
	(10212,10106,1,'Staff Notes'),
	(10214,10107,1,'View'),
	(10218,10109,1,'Click to unblock'),
	(10220,10110,1,'Source'),
	(10222,10111,1,'PasteText'),
	(10224,10112,1,'PasteFromWord'),
	(10226,10113,1,'Print'),
	(10228,10114,1,'SpellChecker'),
	(10230,10115,1,'Scayt'),
	(10232,10116,1,'Undo'),
	(10234,10117,1,'Redo'),
	(10236,10118,1,'Find'),
	(10238,10119,1,'Replace'),
	(10240,10120,1,'SelectAll'),
	(10242,10121,1,'RemoveFormat'),
	(10244,10122,1,'Bold'),
	(10246,10123,1,'Italic'),
	(10248,10124,1,'Underline'),
	(10250,10125,1,'Strike'),
	(10252,10126,1,'NumberedList'),
	(10254,10127,1,'BulletedList'),
	(10256,10128,1,'Link'),
	(10258,10129,1,'Unlink'),
	(10260,10130,1,'Anchor'),
	(10262,10131,1,'Format'),
	(10264,10132,1,'BGColor'),
	(10266,10133,1,'Maximize'),
	(10268,10134,1,'MyToolbar'),
	(10270,10135,1,'Please input your enhanced text!'),
	(10272,10136,1,'TIME'),
	(10274,10137,1,'TOPIC TITLE'),
	(10276,10138,1,'Your enhancement saved successfully!'),
	(10278,10139,1,'Success'),
	(10280,10140,1,'Private Discussion'),
	(10282,10141,1,'Staff / Author Discussion'),
	(10284,10142,1,'Your review has been successfully saved!'),
	(10286,10143,1,'Discussion'),
	(10292,10146,1,'Are you sure to submit your questions now?'),
	(10294,10147,1,'Your questions have not been answered yet.\nAre you sure you have completed the assignment and want to submit now?'),
	(10296,10148,1,'Sorry'),
	(10298,10149,1,'Team Content'),
	(10300,10150,1,'{0} has already been uploaded'),
	(10302,10151,1,'Fail to add attachment file {0}.'),
	(10304,10152,1,'Are you sure you don\'t want to specify the description for the attached file {0}?'),
	(10306,10153,1,'You MUST specify an attached file!'),
	(10308,10154,1,'The attachment file {0} will be deleted. Are you sure?'),
	(10310,10155,1,'ERROR: fail to delete the attachment!'),
	(10312,10156,1,'File upload successfully!.'),
	(10314,10157,1,'This file already exists.'),
	(10316,10158,1,'Invalid image type! The supported image type are: {0}'),
	(10318,10159,1,'You haven\'t specify an image!'),
	(10320,10160,1,'Current password cannot be empty!'),
	(10322,10161,1,'New password cannot be empty!'),
	(10324,10162,1,'Confirm password cannot be empty!'),
	(10326,10163,1,'New password and confirm password are inconsistent!'),
	(10328,10164,1,'Invalid password!'),
	(10330,10165,1,'Password changed successfully!'),
	(10332,10166,1,'Edit Deadline'),
	(10334,10167,1,'New Deadline'),
	(10336,10168,1,'End {0}\'s assignment \"{1}\" on \"{2}\"'),
	(10340,10170,1,'ACCEPT: Complete assignment and accept partial submission. '),
	(10342,10171,1,'FORCE COMPLETE: Reject changes but describe assignment as complete'),
	(10344,10172,1,'End Assignment'),
	(10346,10173,1,'Are you sure?  This cannot be undone.'),
	(10348,10174,1,'You have selected:  '),
	(10350,10175,1,'Done'),
	(10352,10176,1,'Project'),
	(10354,10177,1,'Role'),
	(10356,10178,1,'Assigned User'),
	(10358,10179,1,'Case Object'),
	(10360,10180,1,'Case Body'),
	(10362,10181,1,'ACTION'),
	(10364,10182,1,'Fire All'),
	(10366,10183,1,'User Trigger List'),
	(10368,10184,1,'Description is empty!'),
	(10370,10185,1,'Project is not selected!'),
	(10372,10186,1,'Role is not selected!'),
	(10374,10187,1,'Assigned user is not selected!'),
	(10376,10188,1,'Case subject is empty!'),
	(10378,10189,1,'Case body is empty!'),
	(10382,10191,1,'Total:'),
	(10384,10192,1,'new:'),
	(10386,10193,1,'Too many characters! You can enter max 250 characters.'),
	(10388,10194,1,'The selected file {0} hasn\'t been added into the attachment list. Do you want to add it now?'),
	(10390,10195,1,'Save'),
	(10392,10196,1,'Save This Indicator'),
	(10394,10197,1,'Comments'),
	(10396,10198,1,'Sources'),
	(10398,10199,1,'PUBLISH'),
	(10400,10200,1,'PUBLISH THIS'),
	(10402,10201,1,'Add Comment'),
	(10404,10202,1,'adding ...'),
	(10406,10203,1,'From'),
	(10408,10204,1,'I\'m Done - Submit'),
	(10410,10205,1,'Only Selected'),
	(10412,10206,1,'Submit Indicators'),
	(10414,10207,1,'Scorecard Navigation'),
	(10416,10208,1,'Submit'),
	(10418,10209,1,'Review'),
	(10420,10210,1,'Reviews'),
	(10422,10211,1,'Next Category'),
	(10424,10212,1,'Please Wait...'),
	(10426,10213,1,'Your Content'),
	(10428,10214,1,'Editing Disabled'),
	(10430,10215,1,'Target'),
	(10432,10216,1,'Rule Manager'),
	(10434,10217,1,'No'),
	(10436,10218,1,'Yes'),
	(10438,10219,1,'Please enter the subject'),
	(10440,10220,1,'TAGS'),
	(10442,10221,1,'Add User Trigger'),
	(10444,10222,1,'Previous Category'),
	(10446,10223,1,'Please specify the receiver'),
	(10448,10224,1,'To'),
	(10450,10225,1,'Cancel'),
	(10452,10226,1,'This indicator has not been answered!'),
	(10454,10227,1,'Message'),
	(10456,10228,1,'Please enter the message'),
	(10458,10229,1,'Next Indicator'),
	(10460,10230,1,'Send Message'),
	(10462,10231,1,'Project Updates'),
	(10464,10232,1,'Apply'),
	(10466,10233,1,'Original Answer'),
	(10468,10234,1,'Create Time'),
	(10470,10235,1,'Block Workflow'),
	(10472,10236,1,'Block Publishing'),
	(10474,10237,1,'Suggested Answer: (required)'),
	(10476,10238,1,'Previous Indicator'),
	(10478,10239,1,'Your Inbox'),
	(10480,10240,1,'Home'),
	(10482,10241,1,'Cases'),
	(10484,10242,1,'Fire'),
	(10486,10243,1,'Description'),
	(10488,10244,1,'File'),
	(10490,10245,1,'Reset'),
	(10492,10246,1,'Yes, I agree with the score but wish to add a comment, clarification, or suggest another reference.'),
	(10494,10247,1,'No, I do not agree with the score.'),
	(10496,10248,1,'I am not qualified to judge this indicator.'),
	(10498,10249,1,'Subject'),
	(10500,10250,1,'The Chart should be loaded here... Errors orrur if you see this text.'),
	(10502,10251,1,'I Have Questions'),
	(10504,10252,1,'User Name'),
	(10506,10253,1,'Preview'),
	(10508,10254,1,'Location'),
	(10510,10255,1,'Email Message Detail Level'),
	(10512,10256,1,'Mailing Address'),
	(10514,10257,1,'Review, Intended for Publication'),
	(10516,10258,1,'Last Name'),
	(10518,10259,1,'NOTE'),
	(10520,10260,1,'Bio'),
	(10522,10261,1,'First Name'),
	(10524,10262,1,'Copy Deep Link'),
	(10526,10263,1,'Set {0}\'s deadline for {1}'),
	(30000,30000,1,'Indaba Builder | All Content'),
	(30002,30001,1,'All Content'),
	(40000,40000,1,'Indaba Builder | Indicator Answer Detail'),
	(50000,50000,1,'Indaba Builder | Assignment Message'),
	(60000,60000,1,'Attachments'),
	(60002,60001,1,'FILE'),
	(60004,60002,1,'SIZE'),
	(60006,60003,1,'BY'),
	(60008,60004,1,'MB'),
	(60010,60005,1,'KB'),
	(60012,60006,1,'B'),
	(60014,60007,1,'ADD NEW ATTACHMENTS'),
	(60016,60008,1,'Max file size'),
	(60018,60009,1,'10M'),
	(70000,70000,1,'Tag'),
	(80000,80000,1,'Indaba Builder | New Case'),
	(80002,80001,1,'Indaba Builder | Cases Detail'),
	(80004,80002,1,'New Case'),
	(80006,80003,1,'Case'),
	(80008,80004,1,'Created By'),
	(80010,80005,1,'Case Title'),
	(80012,80006,1,'Case Description'),
	(80014,80007,1,'Case Status'),
	(80016,80008,1,'Open - New'),
	(80018,80009,1,'Assign To'),
	(80020,80010,1,'Attach Users'),
	(80022,80011,1,'Attach Content'),
	(80024,80012,1,'Attach Tags'),
	(80026,80013,1,'Attach File(s)'),
	(90000,90000,1,'Indaba Builder | Cases'),
	(90002,90001,1,'Open New Case'),
	(90004,90002,1,'All Cases'),
	(100000,100000,1,'Indaba Builder | Content Approval'),
	(100002,100001,1,'PLEASE APPROVE THE CONTENT AND CLICK [ I\'m Done - Submit ] WHEN YOU ARE DONE'),
	(100004,100002,1,'APPROVE THIS CONTENT'),
	(110000,110000,1,'Instructions'),
	(110002,110001,1,'Current Tasks'),
	(110004,110002,1,'NO.'),
	(110006,110003,1,'OPENED'),
	(110008,110004,1,'LAST UPDATED'),
	(120000,120000,1,'Indaba Builder | Content Payment'),
	(120002,120001,1,'PLEASE RECORD PAYMENT INFORMATION HERE. WHEN YOU FINISH, PLEASE CLICK [ I\'m Done - Submit ] BUTTON'),
	(120004,120002,1,'PAYMENT AMOUNT'),
	(120006,120003,1,'Please enter correct amount number'),
	(120008,120004,1,'PAYEES'),
	(120010,120005,1,'PAYMENT DATE'),
	(150000,150000,1,'Indaba Build | Error'),
	(150002,150001,1,'ERRORS'),
	(150004,150002,1,'Internal server error/exception occurs. Please contact your administrator.'),
	(150006,150003,1,'Back'),
	(160000,160000,1,'Browse Files'),
	(160002,160001,1,'Clear List'),
	(160004,160002,1,'Start Upload'),
	(180000,180000,1,'Indaba Home'),
	(180002,180001,1,'All Content'),
	(180004,180002,1,'Queue'),
	(180006,180003,1,'People'),
	(180008,180004,1,'Messaging'),
	(180010,180005,1,'Help'),
	(180012,180006,1,'Logout'),
	(180014,180007,1,'Indaba Admin'),
	(190000,190000,1,'Indaba Builder | Help'),
	(190002,190001,1,'Are you having problems? We\'re very sorry! Here are some ways to get support.'),
	(190004,190002,1,'Read the instructions for your project at the <a href=\"http://getindaba.org/help-desk/\">Indaba Help Desk</a>.'),
	(190006,190003,1,'Read the Frequently Asked Questions at the <a href=\"http://getindaba.org/help-desk/\">Indaba Help Desk</a>.'),
	(190008,190004,1,'<a href=\"newmsg.do\">Send a sitemail</a> to your manager. Your managers like hearing from you! You can find your manager at the <a href=\"people.do\">PEOPLE</a> tab, under \"People You Should Know.\" Your manager will address your question and may post the exchange to the FAQ thread.'),
	(190010,190005,1,'We use Indaba\'s case manager to track problems with fieldwork or using Indaba. If a case is open and related to you, you can see it at the <a href=\"cases.do\">CASES</a> tab. Some users can open a new case, however not all users are allowed to do this.'),
	(190012,190006,1,'If you have an Indaba-related emergency, you can call the Global Integrity office at +1 202.449.4100.'),
	(190014,190007,1,'Workflow Console'),
	(200000,200000,1,'Indaba Builder | Horse Approval'),
	(200002,200001,1,'PLEASE APPROVE THE HORSE'),
	(200004,200002,1,'Approve - I\'m Done'),
	(220000,220000,1,'Tag The Indicator'),
	(220002,220001,1,'Add New Tag'),
	(240000,240000,1,'Indaba Builder | Indicator Peer Review'),
	(240002,240001,1,'Link To Original Answer'),
	(250000,250000,1,'Indaba Builder | Indicator PR Review'),
	(260000,260000,1,'Indaba Builder | Indicator Review'),
	(270000,270000,1,'Indaba Builder | Journal Content Version {0} by'),
	(270002,270001,1,'Content'),
	(280000,280000,1,'Indaba Builder | Notebook Overall Review'),
	(290000,290000,1,'Indaba Builder | Notebook Peer Review'),
	(300000,300000,1,'Indaba Builder | Notebook PR Review'),
	(310000,310000,1,'Indaba Builder | Notebook Review'),
	(320000,320000,1,'Indaba Builder | Notebook Review Page'),
	(330000,330000,1,'User name can\'t be empty!'),
	(330002,330001,1,'Password can\'t be empty!'),
	(330004,330002,1,'Please input user name'),
	(330006,330003,1,'Checking the validity of username now.'),
	(330008,330004,1,'Sending password to your email...'),
	(330010,330005,1,'ERROR when check validity!'),
	(330012,330006,1,'ERROR when send email!'),
	(330014,330007,1,'Indaba Login'),
	(330016,330008,1,'Password'),
	(340000,340000,1,'Indaba Builder | Message Detail'),
	(340002,340001,1,'Reply'),
	(340004,340002,1,'Title'),
	(350000,350000,1,'Indaba Builder | Messages'),
	(350002,350001,1,'Create New Message'),
	(350004,350002,1,'New'),
	(350006,350003,1,'Total'),
	(350008,350004,1,'FROM'),
	(350010,350005,1,'DATE'),
	(350012,350006,1,'NEW'),
	(350014,350007,1,'Rows'),
	(360000,360000,1,'new'),
	(360002,360001,1,'from'),
	(360004,360002,1,'more'),
	(370000,370000,1,'Your Open Cases'),
	(380000,380000,1,'Indaba Builder | New Message'),
	(380002,380001,1,'New Message'),
	(380004,380002,1,'Post to Project Updates'),
	(390000,390000,1,'Indaba Builder | Create NoteBook'),
	(390002,390001,1,'Notification'),
	(390004,390002,1,'You have'),
	(390006,390003,1,'task(s) assigned.'),
	(390008,390004,1,'enter'),
	(400000,400000,1,'Indaba Builder | Notebook'),
	(410000,410000,1,'Indaba Builder | Notebook Edit'),
	(420000,420000,1,'Previous Versions'),
	(420002,420001,1,'Notebook Editor'),
	(420004,420002,1,'Words'),
	(430000,430000,1,'Edit This'),
	(430002,430001,1,'Notebook Content'),
	(440000,440000,1,'Peer Review, Intended for Publication'),
	(450000,450000,1,'Indaba Builder | People'),
	(450002,450001,1,'People You Should Know'),
	(450004,450002,1,'Your Teams'),
	(450006,450003,1,'All Users'),
	(450008,450004,1,'TARGET'),
	(460000,460000,1,'Team'),
	(460002,460001,1,'Case Association'),
	(460004,460002,1,'Assignment Status'),
	(470000,470000,1,'Indaba Builder | People Profile'),
	(470002,470001,1,'User'),
	(470004,470002,1,'Limited Bio'),
	(470006,470003,1,'Full Bio'),
	(470008,470004,1,'Phone'),
	(470010,470005,1,'Mobile Phone'),
	(470012,470006,1,'System Information'),
	(470014,470007,1,'Email'),
	(470016,470008,1,'Forward Inbox Message'),
	(470018,470009,1,'Alert Only'),
	(470020,470010,1,'Full Message'),
	(470022,470011,1,'Language'),
	(470024,470012,1,'Project(s)'),
	(470026,470013,1,'Role(s)'),
	(470028,470014,1,'Last Login Time'),
	(470030,470015,1,'Last Logout Time'),
	(470032,470016,1,'Inactive'),
	(470034,470017,1,'Active'),
	(470036,470018,1,'Deleted'),
	(470038,470019,1,'Send A Sitemail'),
	(470040,470020,1,'<b>About Your User Information</b><br/> This bio is visible to other Indaba users. All fields are optional. You must decide how much information you want to share with your colleagues. If you are working anonymously, do not submit any real information here!<br/><br/> Note to authors: The name you enter here will your exact byline for any work published with Indaba. You must use your pen name here if you are using one for your byline.<br/><br/> Indaba displays this bio information in two formats, depending on your role in the project. There is a LIMITED bio, and a FULL bio. Each project\'s managers can control who can see which version, or can prevent users from seeing anything at all (a blind review, for example). Indaba administrators will also have access to additional SYSTEM INFORMATION about you, including your email address. <br/><br/> <b>Limited Bio (for the public):</b>'),
	(470042,470021,1,'Full Bio (for Indaba users)'),
	(470044,470022,1,'System Information (for Indaba administrators)'),
	(470046,470023,1,'System Email'),
	(470048,470024,1,'The system will also record statistics about how often you use Indaba and share this with system administrators.'),
	(470050,470025,1,'Change Password'),
	(470052,470026,1,'Current Password'),
	(470054,470027,1,'New Password'),
	(470056,470028,1,'Confirm New Password'),
	(470058,470029,1,'Click to change people icon'),
	(470060,470030,1,'people icon'),
	(470062,470031,1,'Upload'),
	(470064,470032,1,'Assignments'),
	(470066,470033,1,'Open Cases'),
	(490000,490000,1,'Indaba Builder | Queues'),
	(490002,490001,1,'No queues available for you at this time'),
	(490004,490002,1,'Average time to assign'),
	(490006,490003,1,'days'),
	(490008,490004,1,'Average time to completion'),
	(490010,490005,1,'CONTENT'),
	(490012,490006,1,'IN QUEUE'),
	(490014,490007,1,'ASSIGNMENT'),
	(490016,490008,1,'SET ASSIGNMENT'),
	(490018,490009,1,'SET PRIORITY'),
	(490020,490010,1,'CLAIM THIS'),
	(490022,490011,1,'Assigned To'),
	(490024,490012,1,'Not Assigned'),
	(490026,490013,1,'Low'),
	(490028,490014,1,'Medium'),
	(490030,490015,1,'High'),
	(490032,490016,1,'Update Assignment'),
	(490034,490017,1,'Return To Queue'),
	(490036,490018,1,'I Want This'),
	(500000,500000,1,'Indaba Builder | Reply Message'),
	(500002,500001,1,'Reply Message'),
	(500004,500002,1,'Send to Project Updates'),
	(510000,510000,1,'Indaba Builder | Rule Manager'),
	(510002,510001,1,'RULE FILES'),
	(510004,510002,1,'RULE COMPONENTS'),
	(510006,510003,1,'Path'),
	(520000,520000,1,'Indaba Builder | Scorecard'),
	(530000,530000,1,'INDICATOR TAGS'),
	(540000,540000,1,'(Read Only View)'),
	(540002,540001,1,'Scorecard Indicator Navigator'),
	(540004,540002,1,'Survey Review Question List'),
	(540006,540003,1,'Submit Questions'),
	(540008,540004,1,'Indicator Tags'),
	(550000,550000,1,'Survey Review Disagreement List'),
	(560000,560000,1,'Identify two or more of the following sources to support your score.'),
	(560002,560001,1,'Media Reports (...)'),
	(560004,560002,1,'Acadamic, ...'),
	(560006,560003,1,'Government studies'),
	(560008,560004,1,'International organization studies'),
	(560010,560005,1,'Interviews with government officials'),
	(560012,560006,1,'Interviews with acadamics'),
	(560014,560007,1,'Interviews with civil society'),
	(560016,560008,1,'Interviews with journalists'),
	(570000,570000,1,'Identify and describe the name(s) and section(s) of the applicable law(s), statute(s), regulation(s), constitutional provision(s). Provide a web link to the source(s) if available.'),
	(590000,590000,1,'Indaba Builder | Survey Answer'),
	(600000,600000,1,'Indaba Builder | Scorecard Answer View'),
	(600002,600001,1,'Answer from'),
	(640000,640000,1,'Indaba Builder | Survey Answer Original'),
	(640002,640001,1,'Task Name'),
	(650000,650000,1,'Your Opinions'),
	(650002,650001,1,'Do you agree?'),
	(650004,650002,1,'Yes, I agree with the score and have no comments to add.'),
	(650006,650003,1,'Please avoid the use of \"see previous comment\" or \"see comment to indicator X\". <br/> <b>Reviewer\'s Comments:(required)</b><br/> <font color=\"red\"><b>DO NOT</b></font> enter scoring change or private comments to project managers here, just rationale and background. These comments <font color=\"red\"><b>will be published</b></font> by default.'),
	(650008,650004,1,'Please provide your suggested scoring change as well as comments supporting your change (supporting comments are required). These comments will be published in our final report. Avoid the use of \"see previous comment\" or \"see comment to indicator X.\" If you wish to send staff other feedback about this indicator that you do NOT want to be published, please use the separate Comments box below to submit that feedback.'),
	(660000,660000,1,'OPINION'),
	(660002,660001,1,'YES, I agree with the score and have no comments to add.'),
	(660004,660002,1,'<p>Please avoid the use of \"see previous comment\" or \"see comment to indicator X\".</p> <p> <b>Reviewer\'s Comments:(required)</b><br/> <font color=\"red\"><b>DO NOT</b></font> enter scoring change or private comments to project managers here, just rationale and background. These comments <font color=\"red\"><b>will be published</b></font> by default. </p>'),
	(660006,660003,1,'<p>Please provide your suggested scoring change as well as comments supporting your change. Only YES/NO scores (for \"in law\" indicators) and 0, 25, 50, 75, or 100 scores (for \"in practice\" indicators) are allowed You do not need to mention the score change itself in the Comments box (we will see your suggested score change in the Suggested Score Change box); please use the Comments box only to provide commentary and narrative that supports the suggested score change. Avoid the use of \"see previous comment\" or \"see comment to indicator X\".</p> <p> <b>Reviewer\'s Comments:(required)</b><br/> <font color=\"red\"><b>DO NOT</b></font> enter scoring change or private comments to project managers here, just rationale and background. These comments <font color=\"red\"><b>will be published</b></font> by default. </p>'),
	(690000,690000,1,'Add to Question List'),
	(690002,690001,1,'Question List'),
	(710000,710000,1,'Indaba Builder | Survey Overall Review'),
	(730000,730000,1,'Targets'),
	(730002,730001,1,'loading answer...'),
	(740000,740000,1,'Indaba User Finder Trigger'),
	(740002,740001,1,'View User Tirgger List'),
	(740004,740002,1,'No User Trigger Defined.'),
	(740006,740003,1,'Choose Project ...'),
	(740008,740004,1,'Choose Role ...'),
	(740010,740005,1,'Choose Assigned User ...'),
	(740012,740006,1,'Case Subject'),
	(740014,740007,1,'ERROR'),
	(760000,760000,1,'Indaba Builder | Workflow Console'),
	(760002,760001,1,'Workflows'),
	(760004,760002,1,'Run All'),
	(760006,760003,1,'ID'),
	(760008,760004,1,'DESCRIPTION'),
	(760010,760005,1,'CREATED AT'),
	(760012,760006,1,'CREATED BY'),
	(760014,760007,1,'DURATION'),
	(760016,760008,1,'Workflow Objects'),
	(760018,760009,1,'WORKFLOW - TARGET'),
	(760020,760010,1,'WORKFLOW - OBJECT'),
	(760022,760011,1,'START TIME'),
	(760024,760012,1,'Workflows / Goals / Tasks'),
	(760026,760013,1,'WORKFLOW - TARGET / OBJECT'),
	(760028,760014,1,'SEQUENCE'),
	(760030,760015,1,'TASK'),
	(760032,760016,1,'USER'),
	(770000,770000,1,'Indaba Builder | Your Content'),
	(770002,770001,1,'Sponsors'),
	(770004,770002,1,'Administrator Announcement'),
	(770006,770003,1,'Your Assignments'),
	(770008,770004,1,'New Deadline (YYYY-MM-DD)'),
	(2150000,2150000,1,'Indaba Builder | Widgets'),
	(2150002,2150001,1,'client site page with widgets'),
	(2160000,2160000,1,'Indaba Builder | Manage Widget'),
	(2160002,2160001,1,'Widget Configuration Tool'),
	(2160004,2160002,1,'Configuration'),
	(2160006,2160003,1,'width'),
	(2160008,2160004,1,'height'),
	(2160010,2160005,1,'target address'),
	(2160012,2160006,1,'parameter'),
	(2160014,2160007,1,'mapping to'),
	(2160016,2160008,1,'Remove Selected'),
	(2160018,2160009,1,'Generate Code'),
	(2170000,2170000,1,'Indaba Builder | Widget #1'),
	(2170002,2170001,1,'Please choose your language'),
	(2180000,2180000,1,'Indaba Builder | Widget #2'),
	(2180002,2180001,1,'Enter your name'),
	(2180004,2180002,1,'Choose your favorite ice cream flavor'),
	(2180006,2180003,1,'Chocolate'),
	(2180008,2180004,1,'Strawberry'),
	(2180010,2180005,1,'Vanilla'),
	(2190000,2190000,1,'Indaba Builder | Widget #3'),
	(2190002,2190001,1,'click links below'),
	(2190004,2190002,1,'Go to journal 4'),
	(10553,10277,1,'Case Priority'),
	(10554,10278,1,'Open'),
	(10555,10279,1,'Closed'),
	(10534,10267,1,'you'),
	(10536,10268,1,'{0} will {1}'),
	(10538,10269,1,'OK'),
	(10544,10272,1,'display user list'),
	(10546,10273,1,'display role list'),
	(10548,10274,1,'display team list'),
	(10528,10264,1,'Type in a search term'),
	(10530,10265,1,'No results'),
	(10532,10266,1,'Searching...'),
	(10550,10275,1,'Prompt'),
	(10552,10276,1,'Alert'),
	(10560,10280,1,'Are you sure to submit indicators?'),
	(10562,10281,1,'Browse...'),
	(2190534,10282,1,'Invalid answer value!'),
	(10566,10283,1,'Bad parameter section!'),
	(10568,10284,1,'Bad parameter source!'),
	(10570,10285,1,'Can not find survey answer!'),
	(10572,10286,1,'Can not find survey indicator!'),
	(10574,10287,1,'Can not find reference!'),
	(2190535,10000,2,'Ouverture de session avortée'),
	(2190536,10001,2,'Le fichier joint a disparu de la mémoire de données. Veuillez contacter l\'administrateur du système!'),
	(2190537,10002,2,'Erreur du serveur interne / Il se produit une exclusion. Veuillez contacter votre administrateur  '),
	(2190538,10003,2,'Paramètre invalide: \"{0}\" n\'est pas reconnu !'),
	(2190539,10004,2,'Requête non determinée: \"{0}\" n\'est pas spécifié !'),
	(2190540,10005,2,'{0}: n\'existe pas {1} !'),
	(2190541,10006,2,'Fichier au-delà de la limite maximale. Remarque: le volume maximal permis d\'un fichier est de 10M'),
	(2190542,10012,2,'Vous avez terminé la tâche assignée. Merci.'),
	(2190543,10013,2,'Notebook sauvegardé!'),
	(2190544,10014,2,'En suspens'),
	(2190545,10015,2,'Non activé'),
	(2190546,10016,2,'Activé'),
	(2190547,10017,2,'je suis au courant '),
	(2190548,10019,2,'Commencé'),
	(2190549,10020,2,'Fait'),
	(2190550,10021,2,'STATUT'),
	(2190551,10022,2,'VISIONNER'),
	(2190552,10023,2,'ANTÉCÉDENT'),
	(2190553,10024,2,'OBJET'),
	(2190554,10025,2,'ÉVALUATION'),
	(2190555,10026,2,'% RÉALISÉ'),
	(2190556,10027,2,'À REMETTRE SOUS PEU'),
	(2190557,10028,2,'AFFAIRES OUVERTES'),
	(2190558,10029,2,'PERSONNES ASSIGNÉES'),
	(2190559,10030,2,'Cette case est actuellement vide'),
	(2190560,10031,2,'non commencé'),
	(2190561,10032,2,'terminé'),
	(2190562,10033,2,'travail en cours'),
	(2190563,10034,2,'Pris en compte'),
	(2190564,10035,2,'enregistré'),
	(2190565,10036,2,'% terminé'),
	(2190566,10037,2,'Étape suivante'),
	(2190567,10038,2,'\"{0}\" n\'est pas assigné'),
	(2190568,10039,2,'vue du contenu'),
	(2190569,10040,2,'tableau historique'),
	(2190570,10041,2,'Edition'),
	(2190571,10042,2,'Produit'),
	(2190572,10043,2,'Exclusion selectionnée'),
	(2190573,10044,2,'Inclusion selectionnée'),
	(2190574,10045,2,'Exigible'),
	(2190575,10046,2,'Non exigible'),
	(2190576,10047,2,'Selectionner le tout'),
	(2190577,10048,2,'Ajout'),
	(2190578,10049,2,'Réponse'),
	(2190579,10050,2,'AFFAIRE'),
	(2190580,10051,2,'TITRE'),
	(2190581,10052,2,'PRIORITÉ'),
	(2190582,10053,2,'AUTEUR'),
	(2190583,10054,2,'TEXTE EN PIÈCE JOINTE'),
	(2190584,10055,2,'NOM'),
	(2190585,10057,2,'PAYS'),
	(2190586,10058,2,'ÉQUIPES'),
	(2190587,10059,2,'TEXTE ASSIGNÉ'),
	(2190588,10060,2,'Ajout de note faite avec succès'),
	(2190589,10061,2,'Ajout de note {0} non effectué'),
	(2190590,10062,2,'Création de cas effectué avec succès'),
	(2190591,10063,2,'Ouverture de cas non effectuée'),
	(2190592,10064,2,'SUCCÈS'),
	(2190593,10065,2,'ÉCHEC'),
	(2190594,10067,2,'Changement de code d\'accès exécuté avec succés!'),
	(2190595,10068,2,'Changement du code d\'accès non effectué!'),
	(2190596,10069,2,'Anonyme'),
	(2190597,10070,2,'Collaborateur'),
	(2190598,10071,2,'Pas de projet'),
	(2190599,10072,2,'Nom d\'utilisateur non valide'),
	(2190600,10073,2,'Validité du nom de l\'utilisateur '),
	(2190601,10074,2,'Paramètres non valides'),
	(2190602,10075,2,'Merci pour votre réponse !'),
	(2190603,10076,2,'Cette version n\'accepte que l\'anglais !'),
	(2190604,10077,2,'Impossible de trouver la question du sondage !'),
	(2190605,10078,2,'Impossible d\'obtenir le nom du pays'),
	(2190606,10079,2,'Affaire mise à jour avec succès'),
	(2190607,10080,2,'Mise à jour de l\'affaire non réalisée'),
	(2190608,10081,2,'DÉLAI DE REMISE'),
	(2190609,10082,2,'Veuillez donner votre opinion !'),
	(2190610,10083,2,'Information'),
	(2190611,10084,2,'Erreur  '),
	(2190612,10085,2,'Confirmation'),
	(2190613,10086,2,'Avertissement'),
	(2190614,10087,2,'Échec de remise de votre article due à une erreur interne !'),
	(2190615,10088,2,'sauvegardé'),
	(2190616,10089,2,'Veuillez citer la source de votre information ! '),
	(2190617,10090,2,'Veuillez selectionner une source d\'information !'),
	(2190618,10091,2,'Veuillez choisir au moins une source ! '),
	(2190619,10092,2,'Veuillez citer la description de votre source d\'information '),
	(2190620,10093,2,'Veuillez choisir une option de qualification ! '),
	(2190621,10094,2,'Veuillez introduire votre réponse'),
	(2190622,10095,2,'Veuillez apporter un changement dans la qualification suggérée et  apportez les raisons qui motivent votre changement ! '),
	(2190623,10096,2,'Veuillez introduire vos commentaires'),
	(2190624,10097,2,'Erreur du serveur interne. Veuillez contacter votre administrateur ! '),
	(2190625,10098,2,'Il vous reste {0} réponses qui n\'ont pas été révisées'),
	(2190626,10099,2,'Êtes-vous sûr d\'avoir terminé le travail assigné et voulez-vous le remettre maintenant ? '),
	(2190627,10100,2,'Il existe des questions restées sans réponse de la part de l\'auteur. Êtes-vous sûr d\'avoir terminé le travail assigné et voulez-vous le remettre maintenant ? '),
	(2190628,10101,2,'Le texte actuel est  <span style=\'font-weight: bold; color: orange;\'>{0}</span> words long. Ceci excède le comptage maximum de mots <span style=\'font-weight: bold; color: orange;\'>{1}</span>. Votre travail n\'a pas été reçu. Veuillex revoir le texte et remttre à nouveau votre travail. '),
	(2190629,10102,2,'Ce texte actuel est <span style=\'font-weight: bold; color: orange;\'>{0}</span> words long.  Ceci est inférieur au comptage minimum de  <span style=\'font-weight: bold; color: orange;\'>{1}</span> words long. Votre travail n\'a pas été reçu. Veuillez revoir le texte renvoyer votre travail.  '),
	(2190630,10104,2,'Veuillez introduire le titre du sujet traité !'),
	(2190631,10105,2,'Notes de l\'utilisateur'),
	(2190632,10106,2,'Notes du personnel'),
	(2190633,10107,2,'Visionner'),
	(2190634,10109,2,'Cliquez pour débloquer'),
	(2190635,10110,2,'Source'),
	(2190636,10111,2,'Coller le texte'),
	(2190637,10112,2,'Coller le texte à partir de Word'),
	(2190638,10113,2,'Imprimer'),
	(2190639,10114,2,'Vérifier l\'orthographe'),
	(2190640,10115,2,'Scayt'),
	(2190641,10116,2,'Annuler'),
	(2190642,10117,2,'Refaire'),
	(2190643,10118,2,'Chercher'),
	(2190644,10119,2,'Remplacer'),
	(2190645,10120,2,'Sélectionner tout le texte'),
	(2190646,10121,2,'Éliminer le format'),
	(2190647,10122,2,'en caractère gras'),
	(2190648,10123,2,'en italique'),
	(2190649,10124,2,'Souligner le mot'),
	(2190650,10125,2,'Effacer'),
	(2190651,10126,2,'Liste numérotée'),
	(2190652,10127,2,'Liste avec gros points de mise en évidence'),
	(2190653,10128,2,'Relier'),
	(2190654,10129,2,'Défaire le lien'),
	(2190655,10130,2,'Ancrage'),
	(2190656,10131,2,'Format'),
	(2190657,10132,2,'Couleur BG'),
	(2190658,10133,2,'Maximiser'),
	(2190659,10134,2,'Ma barre d\'outils'),
	(2190660,10135,2,'Veuillez introduire votre texte amélioré'),
	(2190661,10136,2,'DURÉE'),
	(2190662,10137,2,'TITRE DU SUJET TRAITÉ'),
	(2190663,10138,2,'Les améliorations apportées ont été sauvegardées'),
	(2190664,10139,2,'Avec succès'),
	(2190665,10140,2,'Discussion entamée par le personnel'),
	(2190666,10141,2,'Discussion entamée par le personnel / par l\'auteur '),
	(2190667,10142,2,'Votre révision a été sauvegardée'),
	(2190668,10143,2,'Discussion'),
	(2190669,10146,2,'Êtes-vous certain de vouloir envoyer vos questions maintenant ? '),
	(2190670,10147,2,'Vos questions n\'ont pas encore reçu de réponse. Êtes-vous  d\'avoir terminé le travail assigné et voulez-vous l\'envoyer maintenant ? '),
	(2190671,10148,2,'Désolé'),
	(2190672,10149,2,'Contenu du texte de l\'équipe'),
	(2190673,10150,2,'{0} a déjà été téléchargé en amont '),
	(2190674,10151,2,'Fichier en pièce jointe non envoyé {0}'),
	(2190675,10152,2,'Êtes-vous sûr de ne pas vouloir spécifier la description du ficher envoyé en pièce jointe {0} ?'),
	(2190676,10153,2,'Il est obligatoire de spécifier un fichier envoyé en pièce jointe !'),
	(2190677,10154,2,'Le fichier en pièce jointe {0} sera supprimé. Voulez-vous continuer ?'),
	(2190678,10155,2,'Erreur: Fichier en pièce jointe non supprimé'),
	(2190679,10156,2,'Fichier téléchargé avec succès !.'),
	(2190680,10157,2,'Ce fichier existe déjà'),
	(2190681,10158,2,'Type d\'illustration non valide ! Le type d\'illustration complémentaire est: {0}'),
	(2190682,10159,2,'Vous avez omis de spécifier une illustration'),
	(2190683,10160,2,'La case du code d\'accès actuel doit être obligatoirement remplie'),
	(2190684,10161,2,'La case du nouveau code d\'accès doit être obligatoirement remplie'),
	(2190685,10162,2,'La case de confirmation du code d\'accès doit être obligatoirement remplie !'),
	(2190686,10163,2,'Le nouveau code d\'accès et sa confirmation ne coïncident pas'),
	(2190687,10164,2,'Code d\'accès non valide'),
	(2190688,10165,2,'Changement du code d\'accès réalisé avec succès'),
	(2190689,10166,2,'Délai de remise de l\'édition'),
	(2190690,10167,2,'Nouveau délai'),
	(2190691,10168,2,'Terminez l\'assignation de {0} \"{1}\" sur \"{2}\"'),
	(2190692,10170,2,'ACCEPTATION: Terminez l\'assignation du travail et acceptez des remises partielles du travail. '),
	(2190693,10171,2,'EXIGENCE DE TERMINAISON FORCÉE : Refuse les changements mais considère le travail assigné comme terminé'),
	(2190694,10172,2,'Fin du travail assigné'),
	(2190695,10173,2,'Êtes-vous sûr de vouloir exécuter cette action? Cette action est irréversible'),
	(2190696,10174,2,'Vous avez sélectionné: '),
	(2190697,10175,2,'Réalisé'),
	(2190698,10176,2,'Projet'),
	(2190699,10177,2,'Rôle'),
	(2190700,10178,2,'Utilisateur assigné'),
	(2190701,10179,2,'Objet de l\'affaire'),
	(2190702,10180,2,'Corps de l\'affaire'),
	(2190703,10181,2,'Action'),
	(2190704,10182,2,'Commande donnant le feu vert à l\'assignation d\'un projet'),
	(2190705,10183,2,'Liste d\'activation de l\'utilisateur'),
	(2190706,10184,2,'La case de description n\'a pas été remplie !'),
	(2190707,10185,2,'Le projet n\'a pas été sélectionné !'),
	(2190708,10186,2,'Le rôle n\'a pas été selectionné !'),
	(2190709,10187,2,'l\'utilisateur assigné n\'a pas été sélectionné !'),
	(2190710,10188,2,'Le sujet de l\'affaire n\'est pas indiqué'),
	(2190711,10189,2,'Le corps de l\'affaire n\'est pas indiqué'),
	(2190712,10191,2,'Total:'),
	(2190713,10192,2,'nouveau:'),
	(2190714,10193,2,'Trop de caractères. Vous ne pouvez introduire qu\'un maximum de 250 caractères.'),
	(2190715,10194,2,'Le fichier sélectionné {0} n\'a pas été annexé à la liste de pièces jointes. Désirez-vous l\'ajouter maintenant?'),
	(2190716,10195,2,'Sauvegarder'),
	(2190717,10196,2,'Sauvegarder cet indicateur '),
	(2190718,10197,2,'Commentaires'),
	(2190719,10198,2,'Sources'),
	(2190720,10199,2,'PUBLIER'),
	(2190721,10200,2,'PUBLIER CECI'),
	(2190722,10201,2,'Ajoutez un commenatire'),
	(2190723,10202,2,'en ajoutant …'),
	(2190724,10203,2,'À partir de'),
	(2190725,10204,2,'J\'ai terminé - Je remets le travail'),
	(2190726,10205,2,'Uniquement sélectionné'),
	(2190727,10206,2,'Remettre des indicateurs'),
	(2190728,10207,2,'Outil de révision de sondages faisant partie du système'),
	(2190729,10208,2,'Remise de travail'),
	(2190730,10209,2,'Réviser'),
	(2190731,10210,2,'Révisions'),
	(2190732,10211,2,'Catégorie suivante'),
	(2190733,10212,2,'Veuillez attendre, spv.'),
	(2190734,10213,2,'Votre contenu'),
	(2190735,10214,2,'Édition non activée'),
	(2190736,10215,2,'Cible'),
	(2190737,10216,2,'Chef de règlement'),
	(2190738,10217,2,'Non'),
	(2190739,10218,2,'Oui'),
	(2190740,10219,2,'Veuillez introduire le thème du travail'),
	(2190741,10220,2,'ÉTIQUETTES'),
	(2190742,10221,2,'Ajouter la zone d\'activation de l\'utilisateur '),
	(2190743,10222,2,'Catégorie antérieure'),
	(2190744,10223,2,'Veuillez indiquer le nom du recepteur'),
	(2190745,10224,2,'à l\'attention de'),
	(2190746,10225,2,'Éliminer '),
	(2190747,10226,2,'L\'indicateur n\'a pas été indiqué !'),
	(2190748,10227,2,'Message'),
	(2190749,10228,2,'Veuillez introduire le message'),
	(2190750,10229,2,'Indicateur suivant'),
	(2190751,10230,2,'Envoyez le message'),
	(2190752,10231,2,'Mises à jour du projet'),
	(2190753,10232,2,'Appliquer'),
	(2190754,10233,2,'Réponse iniciale'),
	(2190755,10234,2,'Création d\'horaires'),
	(2190756,10235,2,'Arrêt du déroulement du travail '),
	(2190757,10236,2,'Arrêt de la publication'),
	(2190758,10237,2,'Réponse suggérée ( obligatoire)'),
	(2190759,10238,2,'Indicateur antérieur'),
	(2190760,10239,2,'Votre corbeille d\'arrivée'),
	(2190761,10240,2,'Page d\'accueil'),
	(2190762,10241,2,'Affaires '),
	(2190763,10242,2,'Cibler'),
	(2190764,10243,2,'Description'),
	(2190765,10244,2,'Fichier'),
	(2190766,10245,2,'Réinitialisation'),
	(2190767,10246,2,'Je suis d\'accord avec la qualification mais désire ajouter un commentaire, faire des éclaircissements ou suggérer une autre référence'),
	(2190768,10247,2,'Non, je ne suis pas d\'accord avec la qualification '),
	(2190769,10248,2,'Je ne suis pas qualifié pour émettre une opinion sur cet indicateur'),
	(2190770,10249,2,'Sujet'),
	(2190771,10250,2,'Le graphique devrait être téléchargé ici… Signalement d\' erreur dès l\'apparition de ce texte.'),
	(2190772,10251,2,'J\'ai des questions à poser'),
	(2190773,10252,2,'Nom de l\'utilisateur'),
	(2190774,10253,2,'Prévisualisation '),
	(2190775,10254,2,'Positionnement'),
	(2190776,10255,2,'Niveau de détails du courriel'),
	(2190777,10256,2,'Adresse de la messagerie électronique'),
	(2190778,10257,2,'Révision, destinée à la publication'),
	(2190779,10258,2,'Nom de famille'),
	(2190780,10259,2,'REMARQUE'),
	(2190781,10260,2,'Bio'),
	(2190782,10261,2,'Prénom'),
	(2190783,10262,2,'Copier la liaison '),
	(2190784,10263,2,'Établir un délai pour {0} relatif à {1}'),
	(2190785,30000,2,'Système d\'Indaba  | Tout contenu '),
	(2190786,30001,2,'Tous les contenus'),
	(2190787,40000,2,'Système d\'Indaba  | Indicateur de détail de réponse'),
	(2190788,50000,2,'Système d\'Indaba  | Assignation de message'),
	(2190789,60000,2,'Adjonction de fichier '),
	(2190790,60001,2,'FICHIER'),
	(2190791,60002,2,'VOLUME'),
	(2190792,60003,2,'PAR'),
	(2190793,60004,2,'MB'),
	(2190794,60005,2,'KB'),
	(2190795,60006,2,'B'),
	(2190796,60007,2,'ADJONCTION D\' UN AUTRE FICHIER '),
	(2190797,60008,2,'Volume maximum du fichier'),
	(2190798,60009,2,'10M'),
	(2190799,70000,2,'Étiquette'),
	(2190800,80000,2,'Système d\'Indaba   | Nouvelle affaire'),
	(2190801,80001,2,'Systéme d\' Indaba  | Détail des affaires '),
	(2190802,80002,2,'Nouvelle affaire'),
	(2190803,80003,2,'Affaire'),
	(2190804,80004,2,'Créé par'),
	(2190805,80005,2,'Titre de l\'Affaire'),
	(2190806,80006,2,'Description de l\'Affaire'),
	(2190807,80007,2,'Statut de l\'Affaire'),
	(2190808,80008,2,'Ouverture d\'une nouvelle affaire'),
	(2190809,80009,2,'Assigné à'),
	(2190810,80010,2,'Adjonction des utilisateurs'),
	(2190811,80011,2,'Adjonction du contenu'),
	(2190812,80012,2,'Adjonction d\'étiquettes'),
	(2190813,80013,2,'Adjonction de fichier(s)'),
	(2190814,90000,2,'Système d\' Indaba  | Affaires'),
	(2190815,90001,2,'Ouverture d\'une nouvelle affaire'),
	(2190816,90002,2,'Toutes les affaires'),
	(2190817,100000,2,'Système d\' Indaba  | autorisation du contenu '),
	(2190818,100001,2,'VEUILLEZ AUTORISER LE CONTENU ET CLIQUEZ SUR [ J\'ai terminé - Envoyer] lorsque le travail est terminé'),
	(2190819,100002,2,'AUTORISATION DE CE CONTENU'),
	(2190820,110000,2,'Directives'),
	(2190821,110001,2,'Tâches actuelles'),
	(2190822,110002,2,'NO.'),
	(2190823,110003,2,'OUVERT'),
	(2190824,110004,2,'DERNIÈRE MISE À JOUR'),
	(2190825,120000,2,'Numération de Indaba  | Paiement du contenu'),
	(2190826,120001,2,'VEUILLEZ ENREGISTRER ICI L\'INFORMATION DU PAIEMENT. UNE FOIS EFFECTUÉ, CLIQUEZ ICI SUR LA TOUCHE  [ J\'ai terminé - Envoyer]'),
	(2190827,120002,2,'MONTANT DU PAIEMENT'),
	(2190828,120003,2,'Veuillez introduire le chiffre correct du montant '),
	(2190829,120004,2,'BÉNÉFICIAIRES'),
	(2190830,120005,2,'DATE DE PAIEMENT '),
	(2190831,150000,2,'Système d\' Indaba  | Erreur'),
	(2190832,150001,2,'ERREURS'),
	(2190833,150002,2,'Existence d\'une erreur du serveur interne. Veuillez contacter votre administrateur.'),
	(2190834,150003,2,'Retour'),
	(2190835,160000,2,'Explorer les fichiers'),
	(2190836,160001,2,'Liste d\'effacement'),
	(2190837,160002,2,'Commencer à télécharger'),
	(2190838,180000,2,'Page d\'accueil d\'Indaba'),
	(2190839,180001,2,'Tous les contenus'),
	(2190840,180002,2,'File d\'attente'),
	(2190841,180003,2,'Personnes '),
	(2190842,180004,2,'Messagerie'),
	(2190843,180005,2,'Assistance'),
	(2190844,180006,2,'Sortie'),
	(2190845,180007,2,'Administration d\'Indaba'),
	(2190846,190000,2,'Système d\'Indaba  | Assistance'),
	(2190847,190001,2,'Avez-vous des problèmes ? Nous sommes vraiment navrés ! Voici quelques directives pour obtenir de l\'aide.'),
	(2190848,190002,2,'Lisez les directives concernant votre projet sur <a href=\"http://getindaba.org/help-desk/\">Indaba Help Desk</a>.'),
	(2190849,190003,2,'Lisez les questions frequemment posées sur le site  <a href=\"http://getindaba.org/help-desk/\">Indaba Help Desk</a>.'),
	(2190850,190004,2,'<a href=\"newmsg.do\">Envoyer un message de site </a> à votre directeur. C\'est pour eux un plaisir de recevoir de vos nouvelles !. Contactez-les sur <a href=\"people.do\">PEOPLE</a> tab, sous la rubrique \"People You Should Know.\"  Votre directeur affichera l\'échange d\'idées sur le regroupement des messages d\'un groupe d\'intérêt sur le sujet concerné.'),
	(2190851,190005,2,'Nous utilisons le système de gestion d\'Indaba pour retrouver et suivre les problèmes rencontrés lors des travaux sur les lieux ou lors de l\'utilisation d\'Indaba. Si une affaire déjà traitée est liée à la votre, vous pouvez consulter le dossier sur <a href=\"cases.do\">AFFAIRES</a> tab. Certains utilisateurs peuvent ouvrir une nouvelle affaire. Toutefois l\'autorisation n\'est pas accordée à tous. '),
	(2190852,190006,2,'Dans le cas où vous rencontreriez un problème urgent lié à Indaba, vous pouvez appeler le bureau d\'Indaba au numéro  +1 202.449.4100.'),
	(2190853,190007,2,'Pupitre de flux de travail'),
	(2190854,200000,2,'Système d\'Indaba  | Approbation des négotiations '),
	(2190855,200001,2,'VEUILLEZ AUTORISER LES NÉGOTIATIONS'),
	(2190856,200002,2,'Approbation - j\'ai terminé'),
	(2190857,220000,2,'Étiqueter l\'indicateur'),
	(2190858,220001,2,'Ajouter une nouvelle étiquette'),
	(2190859,240000,2,'Numération d\'Indaba  | Révision des indicateurs semblables '),
	(2190860,240001,2,'Lien à la réponse initiale'),
	(2190861,250000,2,'Système d\'Indaba  | Révision de l\'indicateur PR'),
	(2190862,260000,2,'Système d\'Indaba  | Révision de l\'indicateur '),
	(2190863,270000,2,'Système d\'Indaba  | Version {0} du contenu du journal par'),
	(2190864,270001,2,'Contenu '),
	(2190865,280000,2,'Système d\'Indaba  | Révision générale du bloc-notes'),
	(2190866,290000,2,'Système d\'Indaba  | Révision du bloc-notes du collègue'),
	(2190867,300000,2,'Système d\'Indaba  | Révision du bloc-notes PR'),
	(2190868,310000,2,'Système d\'Indaba  | Révision du bloc-notes'),
	(2190869,320000,2,'Système d\'Indaba  | Page révisée du bloc-notes'),
	(2190870,330000,2,'La case destinée au nom de l\'utilisteur doit être obligatoirement remplie'),
	(2190871,330001,2,'La case du code d\'accès doit être obligatoirement remplie'),
	(2190872,330002,2,'Veuillez introduire le nom de l\'utilisateur'),
	(2190873,330003,2,'Vérification du nom de l\'utilisateur en cours'),
	(2190874,330004,2,'Envoi de votre code d\'accès à votre courrier électronique '),
	(2190875,330005,2,'Vérification de validité avortée'),
	(2190876,330006,2,'Envoi du courriel avorté'),
	(2190877,330007,2,'Connection à Indaba'),
	(2190878,330008,2,'Code d\'accès '),
	(2190879,340000,2,'Système d\'Indaba  | Détail du message'),
	(2190880,340001,2,'Réponse'),
	(2190881,340002,2,'Titre'),
	(2190882,350000,2,'Système d\'Indaba  | Message '),
	(2190883,350001,2,'Création d\'un nouveau message'),
	(2190884,350002,2,'Nouveau'),
	(2190885,350003,2,'Total'),
	(2190886,350004,2,'DE LA PART DE'),
	(2190887,350005,2,'DATE  '),
	(2190888,350006,2,'NOUVEAU'),
	(2190889,350007,2,'RANGÉES'),
	(2190890,360000,2,'nouveau'),
	(2190891,360001,2,'de la part de'),
	(2190892,360002,2,'en plus'),
	(2190893,370000,2,'Vos affaires en cours'),
	(2190894,380000,2,'Système d\'Indaba  | Nouveau message '),
	(2190895,380001,2,'Nouveau message'),
	(2190896,380002,2,'Affichage de mise à jour de projet'),
	(2190897,390000,2,'Système d\'Indaba  | Création de bloc-notes '),
	(2190898,390001,2,'Notification'),
	(2190899,390002,2,'Vous avez'),
	(2190900,390003,2,'assignation de tâche(s)'),
	(2190901,390004,2,'Touche d\'entrée'),
	(2190902,400000,2,'Système d\'Indaba  | Bloc-notes'),
	(2190903,410000,2,'Systéme d\'Indaba  | Édition du bloc-notes'),
	(2190904,420000,2,'Versions antérieures'),
	(2190905,420001,2,'Mise en forme du bloc-notes'),
	(2190906,420002,2,'Mots'),
	(2190907,430000,2,'Mettre en forme ces données'),
	(2190908,430001,2,'Coontenu du bloc-notes'),
	(2190909,440000,2,'Révision du collégue, destinée à la publication'),
	(2190910,450000,2,'Système d\'Indaba  | Personnes'),
	(2190911,450001,2,'Personnes que vous devriez connaître'),
	(2190912,450002,2,'Vos Équipes'),
	(2190913,450003,2,'Tous les utilisateurs'),
	(2190914,450004,2,'CIBLE'),
	(2190915,460000,2,'Équipe'),
	(2190916,460001,2,'Association concernant l\'affaire'),
	(2190917,460002,2,'Statut de l\'assignation'),
	(2190918,470000,2,'Numération d\'Indaba  | Profiles des personnes'),
	(2190919,470001,2,'Utilisateur '),
	(2190920,470002,2,'Biographie resumée'),
	(2190921,470003,2,'Biographie complète'),
	(2190922,470004,2,'Téléphone'),
	(2190923,470005,2,'Téléphone portable'),
	(2190924,470006,2,'Information sur le système'),
	(2190925,470007,2,'Courrier électronique'),
	(2190926,470008,2,'Retransmettre message de la corbeille d\'arrivée'),
	(2190927,470009,2,'uniquement Alerte'),
	(2190928,470010,2,'Message complet'),
	(2190929,470011,2,'Langue'),
	(2190930,470012,2,'Projets'),
	(2190931,470013,2,'Rôle(s)'),
	(2190932,470014,2,'Heure de la dernière ouverture de la session'),
	(2190933,470015,2,'Heure de la dernière clôture de la session '),
	(2190934,470016,2,'Inactif'),
	(2190935,470017,2,'Actif'),
	(2190936,470018,2,'Éffacé'),
	(2190937,470019,2,'Envoyer au site de messagerie A'),
	(2190938,470020,2,'<b> Concernant vos informations d\'utilisateur, </b><br/> Cette biographie peut être consultée par d\'autres utilisateurs d\'Indaba. Toutes les zones ou champs sont optionnels. La décision de partager vos informations avec vos collègues n\'appartient qu\'à vous. Si vous travaillez dans l\'anonymat, ne transmttez pas d\'informations sur ce site <br/><br/> ! Conseil donné aux auteurs: Le nom indiqué par vous portera votre signature pour tous vos travaux publiés à travers Indaba. Faites usage de votre nom de plume our toutes vos publications <br/><br/> si vous en avez créé un. Indaba affiche cette biographie en deux formats selon le rôle que vous jouez au coeur du projet. '),
	(2190939,470021,2,'Biographie complète (pour utilisateurs d\'Indaba)'),
	(2190940,470022,2,'Informations obtenues du système pour l\'usage des administrateurs d\'Indaba.'),
	(2190941,470023,2,'Courrier électronique du système'),
	(2190942,470024,2,'Le système établira également des statistiques sur la fréquence d\'usage d\'Indaba et les administrateurs du système auront accès à cette information. '),
	(2190943,470025,2,'Changez votre code d\'accès'),
	(2190944,470026,2,'Code d\'accès actuel'),
	(2190945,470027,2,'Nouveau code d\'accès'),
	(2190946,470028,2,'Confirmation du nouveau code d\'accès'),
	(2190947,470029,2,'Cliquez pour changer l\'icône de la personne '),
	(2190948,470030,2,'Icône de la personne'),
	(2190949,470031,2,'Téléchargez'),
	(2190950,470032,2,'Assignation de tâches'),
	(2190951,470033,2,'Ouverture de recherches sur des affaires'),
	(2190952,490001,2,'Pour le moment, pas de disponibilité pour vous dans la file d\'attente'),
	(2190953,490002,2,'Durée moyenne pour obtenir une assignation '),
	(2190954,490003,2,'jours'),
	(2190955,490004,2,'Durée moyenne jusqu\'à la terminaison '),
	(2190956,490005,2,'CONTENU'),
	(2190957,490006,2,'En attente'),
	(2190958,490007,2,'ASSIGNATION'),
	(2190959,490008,2,'ÉTABLIR UNE ASSIGNATION'),
	(2190960,490009,2,'ÉTABLIR UNE PRIORITÉ'),
	(2190961,490010,2,'APPROPRIATION DE CE TRAVAIL'),
	(2190962,490011,2,'Assigné à'),
	(2190963,490012,2,'Non assigné'),
	(2190964,490013,2,'Attente de courte durée'),
	(2190965,490014,2,'Attente de durée moyenne'),
	(2190966,490015,2,'Attente de longue durée'),
	(2190967,490016,2,'Mise à jour de l\'assignation '),
	(2190968,490017,2,'Retour dans la file d\'attente'),
	(2190969,490018,2,'Je souhaiterais faire ce travail'),
	(2190970,500000,2,'Numération d\'Indaba  | Message de réponse'),
	(2190971,500001,2,'Message de réponse'),
	(2190972,500002,2,'Envoyer aux mises à jour du projet'),
	(2190973,510000,2,'Numération d\'Indaba  | Directeur de règlementation'),
	(2190974,510001,2,'FICHIER CONCERNANT LES RÈGLEMENTS'),
	(2190975,510002,2,'ÉLÉMENTS DU RÈGLEMENT'),
	(2190976,510003,2,'Voie d\'accès'),
	(2190977,520000,2,'Numération d\'Indaba  | Outil de révision d\'un sondage faisant partie du système'),
	(2190978,530000,2,'ÉTIQUETTES D\'INDICATEUR'),
	(2190979,540000,2,'(Visualisation à lecture seulement)'),
	(2190980,540001,2,'Navigateur pour indicateur d\'outil de révision de sondage'),
	(2190981,540002,2,'Liste de questions servant à la révision de sondage'),
	(2190982,540003,2,'Présentation de questions'),
	(2190983,540004,2,'Étiquettes d\'indicateur '),
	(2190984,550000,2,'Liste de conflits d\'opinion concernant la révision du sondage'),
	(2190985,560000,2,'Identifier deux ou plusieurs parmi les sources énoncées ci-dessous pour soutenir votre opinion sur le sondage'),
	(2190986,560001,2,'Rapports des media (…)'),
	(2190987,560002,2,'Rapport académique, …'),
	(2190988,560003,2,'Études réalisées par le gouvernement'),
	(2190989,560004,2,'Études réalisées par des organisations internationales'),
	(2190990,560005,2,'Entretiens avec des fonctionnaires du gouvernement '),
	(2190991,560006,2,'Entretiens avec des universitaires'),
	(2190992,560007,2,'Entretiens auprés de la société civile'),
	(2190993,560008,2,'Entretiens avec des journalistes'),
	(2190994,570000,2,'Identifiez et décrivez le ou les noms et sections de la loi ( des lois) applicables, des statuts, des règlements et des dispositions inscrites dans la constitution. Fournir un lien de la Web pour avoir accès aux sources d\'informations, le cas échéant.'),
	(2190995,600000,2,'Numération d\'Indaba  | Visualisation des réponses au moyen de l\'outil de évision du sondage '),
	(2190996,600001,2,'Réponse de la part de'),
	(2190997,640000,2,'Réponse initiale du sondage'),
	(2190998,640001,2,'Nom de la tâche'),
	(2190999,650000,2,'Votre opinion'),
	(2191000,650001,2,'Êtes-vous d\'accord ?'),
	(2191001,650002,2,'Oui, je suis d\'accord avec l\'outil d\'évaluation et je n\'ai pas de commentaires à ajouter'),
	(2191002,650003,2,'Veuillez éviter l\'usage de l\'expression \"se reporter au commentaire antérieur\" ou \" voir commentaire concernant l\'indicateur X\". </p> <p> <b> Commentaires de la personne qui révise  le travail:(obligatoire)</b><br/><font color=\"red\"><b>NE PAS CHANGER </b></font> introduire le changement de qualification '),
	(2191003,650004,2,'Veuillez indiquer les raisons de votre changement de qualification ainsi que les commentaires qui le justifient ( ces justifications sont obligatoires). Evitez l\'usage de l\'expression \"se reproter au commentaire antérieur\" ou \" voir commentaire su sujet de l\'indicateur X\". Si vous envoyez au personnel un autre retour d\'information concernant cet indicateur et ne souhaitez PAS qu\'il soit publié, utilisez une case de commentaires séparée en dessous prévue pour envoyer ce retour d\'information.'),
	(2191004,660000,2,'OPINION'),
	(2191005,660001,2,'Oui, je suis d\'accord avec l\'outil d\'évaluation et je n\'ai pas de commentaires à ajouter'),
	(2191006,660002,2,'Veuillez éviter l\'usage de l\'expression \"se reporter au commentaire antérieur\" ou \" voir commentaire concernant l\'indicateur X\". </p> <p> <b> Commentaires de la personne qui révise  le travail:(obligatoire)</b><br/><font color=\"red\"><b>NE PAS CHANGER </b></font> introduire le changement de qualification '),
	(2191007,660003,2,'<p>Veuillez introduire le changement de votre qualification ainsi que les commentaires qui justifient votre changement . Indiquez seulement qualifications OUI/NON (pour les indicateur du cadre juridique) et  les qualifications 0, 25, 50, 75, ou 100  pour les indicateurs de \"pratiques habituelles\". Ne mentionnez pas le changement de qualifications que vous avez suggéré dans la Case de Commentaires ( nous visualiserons votre changement de qualifications dans la case de Changement de Qualification). Évitez l\'usage de l\'expression \" se reporter au commentaire antérieur\" ou \"voir commentaire concernant l\'indicateur X\". </p> <p> <b>Commentaires de la personne qui révise:(obligatoire)</b><br/> Ces commentaires <font color=\"red\"><b> seront publiés </b></font> par défaut. </p> À ce stade, n\'introduisez pas de commentaires personnels destinés au directeur de projets, présentez uniquement les raisons et les antécédents de votre exposé. </p>'),
	(2191008,690000,2,'Ajoutez une question à la liste'),
	(2191009,690001,2,'Liste de questions '),
	(2191010,710000,2,'Système Indaba  | Révision générale du sondage '),
	(2191011,730000,2,'Cibles'),
	(2191012,730001,2,'Téléchargement de la réponse'),
	(2191013,740000,2,'Déclencheur du système de recherche des utilisateurs d\'Indaba'),
	(2191014,740001,2,'Visualiser la liste des utilisateurs du déclencheur'),
	(2191015,740002,2,'Aucune indication d\' utilisateur du déclencheur '),
	(2191016,740003,2,'Sélectionner un projet…'),
	(2191017,740004,2,'Sélectionner un rôle…'),
	(2191018,740005,2,'Sélectionner un utilisateur assigné'),
	(2191019,740006,2,'Thème de l\'affaire'),
	(2191020,740007,2,'ÉRREUR'),
	(2191021,760001,2,'Déroulement du travail'),
	(2191022,760002,2,'Exécuter tout'),
	(2191023,760003,2,'IDENTITÉ'),
	(2191024,760004,2,'DESCRIPTION'),
	(2191025,760005,2,'CRÉÉ À'),
	(2191026,760006,2,'CRÉÉ PAR'),
	(2191027,760007,2,'DURÉE'),
	(2191028,760008,2,'Objets servant au déroulement du travail'),
	(2191029,760009,2,'Cible pour le déroulement du travail '),
	(2191030,760010,2,'DÉROULEMENT DU TRAVAIL - OBJET'),
	(2191031,760011,2,'HEURE D\'INITIALISATION DU TRAVAIL'),
	(2191032,760012,2,'Déoulement du travail / buts à atteindre / tâches'),
	(2191033,760013,2,'DÉROULEMENT DU TRAVAIL / CIBLE / OBJET'),
	(2191034,760014,2,'SÉQUENCE'),
	(2191035,760015,2,'TÂCHE'),
	(2191036,760016,2,'UTILISATEUR'),
	(2191037,770000,2,'Système Indaba  | Votre contenu'),
	(2191038,770001,2,'Sponsors'),
	(2191039,770002,2,'Déclaration de l\'administrateur'),
	(2191040,770003,2,'Vos assignations'),
	(2191041,770004,2,'Nouveau délai ( YYYY-MM-DD )'),
	(2191042,2150000,2,'Système d\'Indaba  | Widgets'),
	(2191043,2150001,2,'Page du site du client avec widgets'),
	(2191044,2160000,2,'Système d\'Indaba | Gestion de widgets'),
	(2191045,2160001,2,'Outil de configuration de widget'),
	(2191046,2160002,2,'Configuration '),
	(2191047,2160003,2,'largeur'),
	(2191048,2160004,2,'hauteur'),
	(2191049,2160005,2,'adresse cible'),
	(2191050,2160006,2,'paramètre'),
	(2191051,2160007,2,'Unité logique vers'),
	(2191052,2160008,2,'Éliminer article sélectionné'),
	(2191053,2160009,2,'Établir un code'),
	(2191054,2170000,2,'Système d\'Indaba | widget #1'),
	(2191055,2170001,2,'Veuillez choisir votre langue'),
	(2191056,2180000,2,'Système d\'Indaba | widget #2'),
	(2191057,2180001,2,'Introduisez votre nom'),
	(2191058,2180002,2,'Sélectionnez votre parfum favori de glace'),
	(2191059,2180003,2,'Chocolat'),
	(2191060,2180004,2,'Fraise'),
	(2191061,2180005,2,'Vanille'),
	(2191062,2190000,2,'Système d\'Indaba | widget #3'),
	(2191063,2190001,2,'Cliquez sur les liens ci-dessous'),
	(2191064,490000,2,'Système de numération d\'Indaba | File d\'attente'),
	(2191065,2190002,2,'Ouvrez le journal 4'),
	(2191066,590000,2,'Système de numération d\'Indaba | Réponse du sondage'),
	(2191067,760000,2,'Système de numération d\'Indaba | Console de rythme de travail '),
	(2191068,10277,2,'Affaire à traiter en priorité'),
	(2191069,10278,2,'Ouvert'),
	(2191070,10279,2,'Fermé'),
	(2191071,10264,2,'Tapez un mot de recherche'),
	(2191072,10265,2,'Recherche infructueuse'),
	(2191073,10266,2,'Recherche en cours…'),
	(2191074,10268,2,'{0} sera {1}'),
	(2191075,10269,2,'OK'),
	(2191076,10273,2,'Affichage de liste de rôles à jouer'),
	(2191077,10274,2,'Affichage de liste des équipes'),
	(2191078,10272,2,'Affichage de liste d\'utilisateurs'),
	(2191079,10275,2,'Aide-mémoire'),
	(2191080,10276,2,'Signal d\'alarme'),
	(2191081,10280,2,'Êtes-vous sûr de présenter les indicateurs?'),
	(2191082,10281,2,'Naviguez sur le Web...'),
	(2191083,10282,2,'Valeur de réponse indéterminée !'),
	(2191084,10283,2,'Section erronée de paramètre !'),
	(2191085,10284,2,'Source erronée de paramètre  !'),
	(2191086,10285,2,'Impossible de trouver de réponses au sondage !'),
	(2191087,10286,2,'Impossible de trouver l\'indicateur du sondage !'),
	(2191088,10287,2,'Impossible de trouver les références !'),
	(2191089,10267,2,'vous'),
	(2191090,2190003,1,'Privacy Policy'),
	(2191091,2190003,2,'Politique de confidentialité'),
	(2191092,2190004,1,'By clicking Save you consent to the collection and processing (including\nthe disclosure and international transfer) of your Personal Information as\ndescribed in the Indaba Privacy Policy (http://getindaba.org/indaba-\nprivacy-policy/).  In particular you consent to the transfer of your\nPersonal Information internationally as described in the Privacy Policy.\n'),
	(2191093,2190004,2,'En cliquant sur \"Sauvegarder\", vous consentez à ce que soient captées et\narchivées vos informations personnelles ( y compris la divulgation de vos\ncoordonnées sur le réseau international), conformément aux conditions\nstipulées dans la politique de confidentialité d\'Indaba  (http://getindaba.org/indaba-privacy-policy). \nEn particulier, vous donnez votre consentement à la transmission de vos informations personnelles sur\nle réseau international, tel que l\'indique la politique de confidentialité d\'Indaba.'),
	(2191094,2190005,1,'click to open filter'),
	(2191095,2190006,1,'click to close filter'),
	(2191096,2190007,1,'Private Discussion'),
	(2191097,2190008,1,'Send Questions'),
	(2191098,2190009,1,'Complete Assignment'),
	(2191099,2190010,1,'Send Feedback'),
	(2191100,2190011,1,'ENGAGE STATUS'),
	(2191101,2190012,1,'TASK STATUS');

/*!40000 ALTER TABLE `text_item` ENABLE KEYS */;
UNLOCK TABLES;


# Dump of table text_resource
# ------------------------------------------------------------

DROP TABLE IF EXISTS `text_resource`;

CREATE TABLE `text_resource` (
  `id` int(11) NOT NULL AUTO_INCREMENT,
  `resource_name` varchar(45) NOT NULL,
  `description` varchar(255) DEFAULT NULL,
  PRIMARY KEY (`id`),
  UNIQUE KEY `resource_name_UNIQUE` (`resource_name`)
) ENGINE=MyISAM DEFAULT CHARSET=utf8;

LOCK TABLES `text_resource` WRITE;
/*!40000 ALTER TABLE `text_resource` DISABLE KEYS */;

INSERT INTO `text_resource` (`id`, `resource_name`, `description`)
VALUES
	(10000,'common.err.invalid.user','last updated @ 2012-02-15 22:02:16'),
	(10001,'common.err.attachment.missed','last updated @ 2012-02-15 22:02:46'),
	(10002,'common.err.internal.server','last updated @ 2012-02-15 22:03:17'),
	(10003,'common.err.invalid.parameter.unrecongnized','last updated @ 2012-02-15 22:03:43'),
	(10004,'common.err.invalid.parameter','last updated @ 2012-02-15 22:05:57'),
	(10005,'common.err.data.notexisted','last updated @ 2012-02-15 22:06:20'),
	(10006,'common.err.exceed.max.filesize','last updated @ 2012-02-15 22:06:44'),
	(10012,'common.alert.task.done','last updated @ 2012-02-15 22:09:14'),
	(10013,'common.alert.task.save','last updated @ 2012-02-15 22:09:42'),
	(10014,'common.remark.suspended','last updated @ 2012-02-15 23:07:10'),
	(10015,'common.remark.inactive','last updated @ 2012-02-15 23:07:30'),
	(10016,'common.remark.active','last updated @ 2012-02-15 23:08:28'),
	(10017,'common.remark.aware','last updated @ 2012-02-15 23:08:39'),
	(10019,'common.remark.started','last updated @ 2012-02-15 23:09:00'),
	(10020,'common.remark.done','last updated @ 2012-02-15 23:09:07'),
	(10021,'common.label.status','last updated @ 2012-02-15 23:09:33'),
	(10022,'common.label.view','last updated @ 2012-02-15 23:09:49'),
	(10023,'common.label.history','last updated @ 2012-02-15 23:10:11'),
	(10024,'common.label.goal','last updated @ 2012-02-15 23:10:20'),
	(10025,'common.label.estimate','last updated @ 2012-02-15 23:10:26'),
	(10026,'common.label.donepercent','last updated @ 2012-02-15 23:14:48'),
	(10027,'common.label.nextdue','last updated @ 2012-02-15 23:15:10'),
	(10028,'common.label.opencases','last updated @ 2012-02-15 23:15:22'),
	(10029,'common.label.peopleassigned','last updated @ 2012-02-15 23:15:48'),
	(10030,'common.msg.nodata','last updated @ 2012-02-15 23:25:06'),
	(10031,'common.alt.notstarted','last updated @ 2012-02-15 23:37:59'),
	(10032,'common.alt.completed','last updated @ 2012-02-15 23:38:25'),
	(10033,'common.alt.inprogress','last updated @ 2012-02-15 23:38:40'),
	(10034,'common.alt.noticed','last updated @ 2012-02-15 23:38:56'),
	(10035,'common.alt.signedin','last updated @ 2012-02-15 23:39:25'),
	(10036,'common.label.completepercentage','last updated @ 2012-02-15 23:40:10'),
	(10037,'common.msg.nextstep','last updated @ 2012-02-15 23:49:45'),
	(10038,'common.msg.noassign','last updated @ 2012-02-15 23:50:12'),
	(10039,'common.alt.viewcontent','last updated @ 2012-02-15 23:50:46'),
	(10040,'common.alt.historychart','last updated @ 2012-02-15 23:51:41'),
	(10041,'common.btn.edit','last updated @ 2012-02-15 23:53:14'),
	(10042,'common.msg.product','last updated @ 2012-02-15 23:56:46'),
	(10043,'common.choice.exclude','last updated @ 2012-02-15 23:57:51'),
	(10044,'common.choice.include','last updated @ 2012-02-15 23:58:26'),
	(10045,'common.choice.overdue','last updated @ 2012-02-15 23:58:57'),
	(10046,'common.choice.notoverdue','last updated @ 2012-02-15 23:59:07'),
	(10047,'common.choice.all','last updated @ 2012-02-15 23:59:40'),
	(10048,'common.btn.add','last updated @ 2012-02-16 00:00:06'),
	(10049,'common.alt.answer','last updated @ 2012-02-16 00:08:53'),
	(10050,'common.label.case','last updated @ 2012-02-16 00:09:06'),
	(10051,'common.label.title','last updated @ 2012-02-16 00:09:17'),
	(10052,'common.label.priority','last updated @ 2012-02-16 00:09:29'),
	(10053,'common.label.owner','last updated @ 2012-02-16 00:09:51'),
	(10054,'common.label.attachedcontent','last updated @ 2012-02-16 00:10:43'),
	(10055,'common.label.name','last updated @ 2012-02-16 00:12:51'),
	(10177,'common.label.role','last updated @ 2012-02-20 15:41:18'),
	(10057,'common.label.country','last updated @ 2012-02-16 00:14:10'),
	(10058,'common.label.teams','last updated @ 2012-02-16 00:14:43'),
	(10059,'common.label.assignedcontent','last updated @ 2012-02-16 00:14:56'),
	(10060,'common.alert.addcasenotes.success','last updated @ 2012-02-16 09:44:03'),
	(10061,'common.alert.addcasenotes.fail','last updated @ 2012-02-16 09:44:23'),
	(10062,'common.alert.createcase.success','last updated @ 2012-02-16 09:47:26'),
	(10063,'common.alert.createcase.fail','last updated @ 2012-02-16 09:47:47'),
	(10064,'common.alert.fireuserfinder.success','last updated @ 2012-02-16 09:52:53'),
	(10065,'common.alert.fireuserfinder.fail','last updated @ 2012-02-16 09:52:57'),
	(10066,'common.msg.fireuserfinder.summary','last updated @ 2012-02-16 09:53:16'),
	(10067,'common.alert.chngpasswd.success','last updated @ 2012-02-16 09:55:29'),
	(10068,'common.alert.chngpasswd.fail','last updated @ 2012-02-16 09:55:54'),
	(10069,'common.msg.fname.anonymous','last updated @ 2012-02-16 09:59:11'),
	(10070,'common.msg.lname.contributor','last updated @ 2012-02-16 09:59:32'),
	(10071,'common.msg.noproject','last updated @ 2012-02-16 10:00:56'),
	(10072,'common.err.invaliduser','last updated @ 2012-02-16 10:06:34'),
	(10073,'common.label.validityuser','last updated @ 2012-02-16 10:07:08'),
	(10074,'common.err.badparam','last updated @ 2012-02-16 10:09:25'),
	(10075,'common.alert.surveyanswer.success','last updated @ 2012-02-16 10:12:48'),
	(10076,'common.alert.surveyanswer.fail','last updated @ 2012-02-16 10:13:15'),
	(10077,'common.err.notfindquestion','last updated @ 2012-02-16 10:19:17'),
	(10078,'common.err.notfindcountry','last updated @ 2012-02-16 10:19:37'),
	(10079,'common.alert.upcatecase.success','last updated @ 2012-02-16 10:21:29'),
	(10080,'common.alert.upcatecase.fail','last updated @ 2012-02-16 10:21:43'),
	(10081,'common.label.deadline','last updated @ 2012-02-16 11:16:10'),
	(10082,'common.js.alert.askopinions','last updated @ 2012-02-16 15:41:06'),
	(10083,'common.js.alert.title.info','last updated @ 2012-02-16 15:41:54'),
	(10084,'common.js.alert.title.error','last updated @ 2012-02-16 15:42:29'),
	(10085,'common.js.alert.title.confirm','last updated @ 2012-02-16 15:42:49'),
	(10086,'common.js.alert.title.warn','last updated @ 2012-02-16 15:42:59'),
	(10087,'common.js.err.submitreview','last updated @ 2012-02-16 15:43:42'),
	(10088,'common.btn.saved','last updated @ 2012-02-16 15:45:21'),
	(10089,'common.js.alert.askinputsource','last updated @ 2012-02-16 15:47:18'),
	(10090,'common.js.alert.choicesource','last updated @ 2012-02-16 15:49:42'),
	(10091,'common.js.alert.needonesource','last updated @ 2012-02-16 15:51:12'),
	(10092,'common.js.alert.asksoucedesc','last updated @ 2012-02-16 15:51:50'),
	(10093,'common.js.alert.askscoreoption','last updated @ 2012-02-16 15:52:36'),
	(10094,'common.js.alert.inputanswer','last updated @ 2012-02-16 15:53:26'),
	(10095,'common.js.alert.suggestedscore','last updated @ 2012-02-16 15:56:17'),
	(10096,'common.js.alert.comments','last updated @ 2012-02-16 15:58:47'),
	(10097,'common.js.err.interval','last updated @ 2012-02-16 16:00:42'),
	(10098,'common.js.alert.answerleft','last updated @ 2012-02-16 16:03:07'),
	(10099,'common.js.alert.sumbitassignment','last updated @ 2012-02-16 16:05:12'),
	(10100,'common.js.alert.pendingquestion','last updated @ 2012-02-16 16:07:41'),
	(10101,'common.js.alert.exceedwords','last updated @ 2012-02-16 16:10:28'),
	(10102,'common.js.alert.lesswords','last updated @ 2012-02-16 16:11:24'),
	(10104,'common.js.alert.topictitle','last updated @ 2012-02-16 16:15:15'),
	(10105,'common.js.msg.usernotes','last updated @ 2012-02-16 16:17:26'),
	(10106,'common.js.msg.staffnotes','last updated @ 2012-02-16 16:18:15'),
	(10107,'common.btn.view','last updated @ 2012-02-16 16:19:05'),
	(10109,'common.js.alt.unblock','last updated @ 2012-02-16 16:22:37'),
	(10110,'common.js.ckedit.toolbar.source','last updated @ 2012-02-16 16:24:57'),
	(10111,'common.js.ckedit.toolbar.pastetxt','last updated @ 2012-02-16 16:25:27'),
	(10112,'common.js.ckedit.toolbar.pastefromword','last updated @ 2012-02-16 16:25:54'),
	(10113,'common.js.ckedit.toolbar.print','last updated @ 2012-02-16 16:26:04'),
	(10114,'common.js.ckedit.toolbar.spellchecker','last updated @ 2012-02-16 16:26:22'),
	(10115,'common.js.ckedit.toolbar.scayt','last updated @ 2012-02-16 16:26:31'),
	(10116,'common.js.ckedit.toolbar.undo','last updated @ 2012-02-16 16:26:37'),
	(10117,'common.js.ckedit.toolbar.redo','last updated @ 2012-02-16 16:26:48'),
	(10118,'common.js.ckedit.toolbar.find','last updated @ 2012-02-16 16:26:54'),
	(10119,'common.js.ckedit.toolbar.replace','last updated @ 2012-02-16 16:27:02'),
	(10120,'common.js.ckedit.toolbar.selectall','last updated @ 2012-02-16 16:27:17'),
	(10121,'common.js.ckedit.toolbar.rmformat','last updated @ 2012-02-16 16:27:55'),
	(10122,'common.js.ckedit.toolbar.bold','last updated @ 2012-02-16 16:28:03'),
	(10123,'common.js.ckedit.toolbar.italic','last updated @ 2012-02-16 16:28:12'),
	(10124,'common.js.ckedit.toolbar.underline','last updated @ 2012-02-16 16:28:25'),
	(10125,'common.js.ckedit.toolbar.strike','last updated @ 2012-02-16 16:28:31'),
	(10126,'common.js.ckedit.toolbar.numlist','last updated @ 2012-02-16 16:28:43'),
	(10127,'common.js.ckedit.toolbar.bulletlist','last updated @ 2012-02-16 16:28:53'),
	(10128,'common.js.ckedit.toolbar.link','last updated @ 2012-02-16 16:28:58'),
	(10129,'common.js.ckedit.toolbar.unlink','last updated @ 2012-02-16 16:29:04'),
	(10130,'common.js.ckedit.toolbar.anchor','last updated @ 2012-02-16 16:29:11'),
	(10131,'common.js.ckedit.toolbar.format','last updated @ 2012-02-16 16:29:18'),
	(10132,'common.js.ckedit.toolbar.bgcolor','last updated @ 2012-02-16 16:29:25'),
	(10133,'common.js.ckedit.toolbar.maximize','last updated @ 2012-02-16 16:29:36'),
	(10134,'common.js.ckedit.toolbar','last updated @ 2012-02-16 16:53:13'),
	(10135,'common.js.alert.enhancedtext','last updated @ 2012-02-16 16:59:26'),
	(10136,'common.label.time','last updated @ 2012-02-16 17:01:03'),
	(10137,'common.label.topictitle','last updated @ 2012-02-16 17:01:29'),
	(10138,'common.js.alert.successenhance','last updated @ 2012-02-16 17:03:09'),
	(10139,'common.js.alert.title.success','last updated @ 2012-02-16 17:04:03'),
	(10140,'common.js.msg.staffdiscussion','last updated @ 2012-02-16 17:23:43'),
	(10141,'common.js.msg.staffauthordiscussion','last updated @ 2012-02-16 17:24:39'),
	(10142,'common.js.alert.succssreview','last updated @ 2012-02-16 17:26:25'),
	(10143,'common.js.msg.discussion','last updated @ 2012-02-16 17:30:00'),
	(10146,'common.js.alert.sumitquestion','last updated @ 2012-02-16 17:38:50'),
	(10147,'common.js.alert.incompletedquestion','last updated @ 2012-02-16 17:41:36'),
	(10148,'common.js.alert.title.sorry','last updated @ 2012-02-16 17:50:14'),
	(10149,'common.label.teamcontent','last updated @ 2012-02-16 18:22:56'),
	(10150,'common.js.alert.attachduplicated','last updated @ 2012-02-20 11:31:50'),
	(10151,'common.js.alert.attachfail','last updated @ 2012-02-20 11:34:12'),
	(10152,'common.js.alert.attachdesc','last updated @ 2012-02-20 11:36:50'),
	(10153,'common.js.alert.attachfile','last updated @ 2012-02-20 11:40:04'),
	(10154,'common.js.alert.deleteattach','last updated @ 2012-02-20 11:44:34'),
	(10155,'common.js.alert.deleteattachfail','last updated @ 2012-02-20 11:45:39'),
	(10156,'common.js.alert.uploadsuccess','last updated @ 2012-02-20 13:36:52'),
	(10157,'common.js.alert.fileexisted','last updated @ 2012-02-20 13:37:41'),
	(10158,'common.js.alert.invalidimage','last updated @ 2012-02-20 13:55:35'),
	(10159,'common.js.alert.noimagespecified','last updated @ 2012-02-20 13:57:53'),
	(10160,'common.js.alert.curpasswdempty','last updated @ 2012-02-20 13:59:04'),
	(10161,'common.js.alert.newpasswdempty','last updated @ 2012-02-20 13:59:46'),
	(10162,'common.js.alert.confirmpasswdempty','last updated @ 2012-02-20 14:01:14'),
	(10163,'common.js.alert.passwdinconsistent','last updated @ 2012-02-20 14:02:17'),
	(10164,'common.js.alert.passwdinvalid','last updated @ 2012-02-20 14:03:18'),
	(10165,'common.js.alert.passwdchngsuccess','last updated @ 2012-02-20 14:04:18'),
	(10166,'common.btn.editdeadline','last updated @ 2012-02-20 14:05:07'),
	(10167,'common.js.msg.newdeadline','last updated @ 2012-02-20 14:05:56'),
	(10168,'common.js.msg.endassignment','last updated @ 2012-02-20 14:09:14'),
	(10170,'common.js.msg.partialsubmission','last updated @ 2012-02-20 14:48:15'),
	(10171,'common.js.msg.forcecomplete','last updated @ 2012-02-20 14:49:45'),
	(10172,'common.js.msg.exitassignment','last updated @ 2012-02-20 14:50:36'),
	(10173,'common.js.alert.undone','last updated @ 2012-02-20 14:52:56'),
	(10174,'common.js.msg.selected','last updated @ 2012-02-20 14:54:20'),
	(10175,'common.btn.done','last updated @ 2012-02-20 15:18:33'),
	(10176,'common.label.project','last updated @ 2012-02-20 15:40:21'),
	(10178,'common.label.assigneduser','last updated @ 2012-02-20 15:41:49'),
	(10179,'common.label.casesubject','last updated @ 2012-02-20 15:44:48'),
	(10180,'common.label.casebody','last updated @ 2012-02-20 15:45:14'),
	(10181,'common.label.action','last updated @ 2012-02-20 15:45:23'),
	(10182,'common.label.fireall','last updated @ 2012-02-20 15:45:31'),
	(10183,'common.js.msg.usertriggerlist','last updated @ 2012-02-20 15:47:05'),
	(10184,'common.js.alert.descempty','last updated @ 2012-02-20 15:48:11'),
	(10185,'common.js.alert.prjnoselected','last updated @ 2012-02-20 15:49:03'),
	(10186,'common.js.alert.rolenoselected','last updated @ 2012-02-20 15:50:04'),
	(10187,'common.js.alert.noassigneduser','last updated @ 2012-02-20 15:50:49'),
	(10188,'common.js.alert.nocasesubject','last updated @ 2012-02-20 15:51:56'),
	(10189,'common.js.alert.nocasebody','last updated @ 2012-02-20 15:52:16'),
	(10191,'common.js.msg.total','last updated @ 2012-02-20 15:54:08'),
	(10192,'common.js.msg.new','last updated @ 2012-02-20 15:54:13'),
	(10193,'common.js.alert.toolength','last updated @ 2012-02-20 17:44:12'),
	(10194,'common.js.alert.filenotadded','last updated @ 2012-02-20 17:47:26'),
	(10195,'common.btn.save','last updated @ 2012-02-23 12:02:15'),
	(10196,'common.btn.saveindicator','last updated @ 2012-02-23 12:13:07'),
	(10197,'common.title.comments','last updated @ 2012-02-23 12:17:17'),
	(10198,'common.title.sources','last updated @ 2012-02-23 12:23:55'),
	(10199,'common.btn.publish','last updated @ 2012-02-23 12:45:19'),
	(10200,'common.btn.publishthis','last updated @ 2012-02-23 12:45:26'),
	(10201,'common.btn.addcomment','last updated @ 2012-02-23 12:47:56'),
	(10202,'common.label.adding','last updated @ 2012-02-23 12:54:02'),
	(10203,'common.title.from','last updated @ 2012-02-23 12:58:30'),
	(10204,'common.btn.donesubmit','last updated @ 2012-02-23 13:01:11'),
	(10205,'common.choice.onlyselected','last updated @ 2012-02-23 13:46:53'),
	(10206,'common.btn.submitindicators','last updated @ 2012-02-23 14:56:46'),
	(10207,'common.msg.scorecardnav','last updated @ 2012-02-23 15:48:59'),
	(10208,'common.btn.submit','last updated @ 2012-02-23 15:50:33'),
	(10209,'common.label.review','last updated @ 2012-02-23 15:56:43'),
	(10210,'common.label.reviews','last updated @ 2012-02-23 15:58:02'),
	(10211,'common.msg.nextcategory','last updated @ 2012-02-23 16:09:54'),
	(10212,'common.msg.pleasewait','last updated @ 2012-02-23 16:11:10'),
	(10213,'common.msg.youcontent','last updated @ 2012-02-23 16:38:33'),
	(10214,'common.btn.editdisabled','last updated @ 2012-02-23 16:39:46'),
	(10215,'common.msg.target','last updated @ 2012-02-23 16:40:45'),
	(10216,'common.msg.rulemanager','last updated @ 2012-02-23 16:41:37'),
	(10217,'common.boolean.no','last updated @ 2012-02-23 16:51:29'),
	(10218,'common.boolean.yes','last updated @ 2012-02-23 16:54:15'),
	(10219,'common.alert.nosubject','last updated @ 2012-02-23 16:57:20'),
	(10220,'common.label.tags','last updated @ 2012-02-23 17:01:17'),
	(10221,'common.msg.addtrigger','last updated @ 2012-02-23 17:19:57'),
	(10222,'common.msg.prevcategory','last updated @ 2012-02-23 17:22:18'),
	(10223,'common.alert.noreceiver','last updated @ 2012-02-23 17:24:28'),
	(10224,'common.msg.to','last updated @ 2012-02-23 17:25:31'),
	(10225,'common.btn.cancel','last updated @ 2012-02-23 17:27:15'),
	(10226,'common.alert.noanswer','last updated @ 2012-02-23 17:30:35'),
	(10227,'common.label.message','last updated @ 2012-02-23 17:36:50'),
	(10228,'common.alert.nomessage','last updated @ 2012-02-23 17:41:34'),
	(10229,'common.msg.nextindicator','last updated @ 2012-02-23 17:42:32'),
	(10230,'common.btn.sendmsg','last updated @ 2012-02-23 18:01:43'),
	(10231,'common.msg.prjupdates','last updated @ 2012-02-23 18:04:43'),
	(10232,'common.btn.apply','last updated @ 2012-02-23 18:05:25'),
	(10233,'common.btn.origanswer','last updated @ 2012-02-23 18:07:28'),
	(10234,'common.label.createtime','last updated @ 2012-02-23 18:08:50'),
	(10235,'common.msg.blockworkflow','last updated @ 2012-02-23 18:11:04'),
	(10236,'common.msg.blockpublish','last updated @ 2012-02-23 18:12:00'),
	(10237,'common.msg.suggestedanswer','last updated @ 2012-02-23 18:12:58'),
	(10238,'common.msg.previndicator','last updated @ 2012-02-23 18:16:59'),
	(10239,'common.msg.yourinbox','last updated @ 2012-02-23 18:18:02'),
	(10240,'common.msg.home','last updated @ 2012-02-23 18:22:35'),
	(10241,'common.label.cases','last updated @ 2012-02-23 18:25:42'),
	(10242,'common.label.fire','last updated @ 2012-02-23 18:26:31'),
	(10243,'common.label.desc','last updated @ 2012-02-23 18:27:52'),
	(10244,'common.label.file','last updated @ 2012-02-23 18:30:26'),
	(10245,'common.btn.reset','last updated @ 2012-02-23 18:31:03'),
	(10246,'common.msg.opinionagree','last updated @ 2012-02-23 18:32:35'),
	(10247,'common.msg.opiniondisagree','last updated @ 2012-02-23 18:33:46'),
	(10248,'common.msg.opinionnojudge','last updated @ 2012-02-23 18:34:55'),
	(10249,'common.label.subject','last updated @ 2012-02-23 18:36:07'),
	(10250,'common.msg.charterror','last updated @ 2012-02-23 18:38:01'),
	(10251,'common.btn.havequestions','last updated @ 2012-02-23 18:41:57'),
	(10252,'common.label.username','last updated @ 2012-02-23 20:21:58'),
	(10253,'common.btn.preview','last updated @ 2012-02-23 20:25:40'),
	(10254,'common.label.location','last updated @ 2012-02-23 20:26:58'),
	(10255,'common.label.emailmsgdetaillevel','last updated @ 2012-02-23 20:31:14'),
	(10256,'common.label.mailaddr','last updated @ 2012-02-23 20:32:59'),
	(10257,'common.label.reviewTips','last updated @ 2012-02-23 20:33:47'),
	(10258,'common.label.lastname','last updated @ 2012-02-23 20:40:15'),
	(10259,'common.label.note','last updated @ 2012-02-23 20:41:33'),
	(10260,'common.label.bio','last updated @ 2012-02-23 20:44:29'),
	(10261,'common.label.firstname','last updated @ 2012-02-23 20:46:03'),
	(10262,'common.btn.copydeeplink','last updated @ 2012-02-23 20:49:37'),
	(10263,'common.msg.setdeadline','last updated @ 2012-02-24 19:49:32'),
	(30000,'jsp.allcontent.pagetitle','Last update @2012-02-27 12:35:35'),
	(30001,'jsp.allcontent.allcontents','Last update @2012-02-27 12:35:35'),
	(40000,'jsp.answerDetails.pagetitle','Last update @2012-02-27 12:35:36'),
	(50000,'jsp.assignmentMessage.pagetitle','Last update @2012-02-27 12:35:36'),
	(60000,'jsp.attachment.attachments','Last update @2012-02-27 12:35:36'),
	(60001,'jsp.attachment.file','Last update @2012-02-27 12:35:37'),
	(60002,'jsp.attachment.size','Last update @2012-02-27 12:35:37'),
	(60003,'jsp.attachment.by','Last update @2012-02-27 12:35:37'),
	(60004,'jsp.attachment.mb','Last update @2012-02-27 12:35:37'),
	(60005,'jsp.attachment.kb','Last update @2012-02-27 12:35:37'),
	(60006,'jsp.attachment.b','Last update @2012-02-27 12:35:38'),
	(60007,'jsp.attachment.addNewAttachments','Last update @2012-02-27 12:35:38'),
	(60008,'jsp.attachment.maxFileSize','Last update @2012-02-27 12:35:38'),
	(60009,'jsp.attachment.maxFileSizeNum','Last update @2012-02-27 12:35:38'),
	(70000,'jsp.caseFilter.tag','Last update @2012-02-27 12:35:39'),
	(80000,'jsp.casePage.title.newCase','Last update @2012-02-27 12:35:39'),
	(80001,'jsp.casePage.title.caseDetail','Last update @2012-02-27 12:35:40'),
	(80002,'jsp.casePage.newCase','Last update @2012-02-27 12:35:40'),
	(80003,'jsp.casePage.case','Last update @2012-02-27 12:35:40'),
	(80004,'jsp.casePage.createBy','Last update @2012-02-27 12:35:40'),
	(80005,'jsp.casePage.caseTitle','Last update @2012-02-27 12:35:40'),
	(80006,'jsp.casePage.caseDescription','Last update @2012-02-27 12:35:40'),
	(80007,'jsp.casePage.casestatus','Last update @2012-02-27 12:35:41'),
	(80008,'jsp.casePage.openNew','Last update @2012-02-27 12:35:41'),
	(80009,'jsp.casePage.assignTo','Last update @2012-02-27 12:35:41'),
	(80010,'jsp.casePage.attachUsers','Last update @2012-02-27 12:35:41'),
	(80011,'jsp.casePage.attachContent','Last update @2012-02-27 12:35:42'),
	(80012,'jsp.casePage.attachTags','Last update @2012-02-27 12:35:42'),
	(80013,'jsp.casePage.attachFiles','Last update @2012-02-27 12:35:42'),
	(90000,'jsp.cases.title','Last update @2012-02-27 12:35:42'),
	(90001,'jsp.cases.openNewCase','Last update @2012-02-27 12:35:43'),
	(90002,'jsp.cases.allCases','Last update @2012-02-27 12:35:43'),
	(100000,'jsp.contentApproval.pagetitle','Last update @2012-02-27 12:35:43'),
	(100001,'jsp.contentApproval.ApproveInstruction','Last update @2012-02-27 12:35:44'),
	(100002,'jsp.contentApproval.ApproveThisContent','Last update @2012-02-27 12:35:44'),
	(110000,'jsp.contentGeneral.instructions','Last update @2012-02-27 12:35:44'),
	(110001,'jsp.contentGeneral.currentTasks','Last update @2012-02-27 12:35:44'),
	(110002,'jsp.contentGeneral.caseNO','Last update @2012-02-27 12:35:45'),
	(110003,'jsp.contentGeneral.caseOpened','Last update @2012-02-27 12:35:45'),
	(110004,'jsp.contentGeneral.caseLastUpdated','Last update @2012-02-27 12:35:45'),
	(120000,'jsp.contentPayment.pagetitle','Last update @2012-02-27 12:35:45'),
	(120001,'jsp.contentPayment.instruction','Last update @2012-02-27 12:35:46'),
	(120002,'jsp.contentPayment.paymentMount','Last update @2012-02-27 12:35:46'),
	(120003,'jsp.contentPayment.prompt','Last update @2012-02-27 12:35:46'),
	(120004,'jsp.contentPayment.payees','Last update @2012-02-27 12:35:46'),
	(120005,'jsp.contentPayment.paymentDate','Last update @2012-02-27 12:35:46'),
	(150000,'jsp.error.pagetitle','Last update @2012-02-27 12:35:49'),
	(150001,'jsp.error.errors','Last update @2012-02-27 12:35:49'),
	(150002,'jsp.error.errMsg','Last update @2012-02-27 12:35:49'),
	(150003,'jsp.error.back','Last update @2012-02-27 12:35:49'),
	(160000,'jsp.fileupload.browseFiles','Last update @2012-02-27 12:35:49'),
	(160001,'jsp.fileupload.clearList','Last update @2012-02-27 12:35:49'),
	(160002,'jsp.fileupload.startUpload','Last update @2012-02-27 12:35:50'),
	(180000,'jsp.header.home','Last update @2012-02-27 12:35:50'),
	(180001,'jsp.header.menu.allcontent','Last update @2012-02-27 12:35:50'),
	(180002,'jsp.header.menu.queue','Last update @2012-02-27 12:35:51'),
	(180003,'jsp.header.menu.people','Last update @2012-02-27 12:35:51'),
	(180004,'jsp.header.menu.messaging','Last update @2012-02-27 12:35:51'),
	(180005,'jsp.header.menu.help','Last update @2012-02-27 12:35:51'),
	(180006,'jsp.header.logout','Last update @2012-02-27 12:35:51'),
	(180007,'jsp.header.admin','Last update @2012-02-27 12:35:52'),
	(190000,'jsp.help.title','Last update @2012-02-27 12:35:52'),
	(190001,'jsp.help.msg1','Last update @2012-02-27 12:35:52'),
	(190002,'jsp.help.msg2','Last update @2012-02-27 12:35:52'),
	(190003,'jsp.help.msg3','Last update @2012-02-27 12:35:52'),
	(190004,'jsp.help.msg4','Last update @2012-02-27 12:35:52'),
	(190005,'jsp.help.msg5','Last update @2012-02-27 12:35:53'),
	(190006,'jsp.help.msg6','Last update @2012-02-27 12:35:53'),
	(190007,'jsp.help.wokflowconsole','Last update @2012-02-27 12:35:53'),
	(200000,'jsp.horseApproval.pagetitle','Last update @2012-02-27 12:35:53'),
	(200001,'jsp.horseApproval.instruction','Last update @2012-02-27 12:35:53'),
	(200002,'jsp.horseApproval.approveDone','Last update @2012-02-27 12:35:54'),
	(220000,'jsp.indicatorTag.instruction','Last update @2012-02-27 12:35:54'),
	(220001,'jsp.indicatorTag.buttonAddTag','Last update @2012-02-27 12:35:54'),
	(240000,'jsp.indicatorPeerReviewPage.title','Last update @2012-02-27 12:35:55'),
	(240001,'jsp.indicatorPeerReviewPage.link2Answer','Last update @2012-02-27 12:35:55'),
	(250000,'jsp.indicatorPRReviewPage.title','Last update @2012-02-27 12:35:55'),
	(260000,'jsp.indicatorReviewPage.title','Last update @2012-02-27 12:35:56'),
	(270000,'jsp.journalContentVersion.pagetitle','Last update @2012-02-27 12:35:56'),
	(270001,'jsp.journalContentVersion.content','Last update @2012-02-27 12:35:56'),
	(280000,'jsp.journalOveralReview.title','Last update @2012-02-27 12:35:56'),
	(290000,'jsp.journalPeerReview.pagetitle','Last update @2012-02-27 12:35:57'),
	(300000,'jsp.journalPRReview.pagetitle','Last update @2012-02-27 12:35:57'),
	(310000,'jsp.journalReview.pagetitle','Last update @2012-02-27 12:35:58'),
	(320000,'jsp.journalReviewResponse.pagetitle','Last update @2012-02-27 12:35:58'),
	(330000,'common.label.username.null','Last update @2012-02-27 12:35:58'),
	(330001,'jsp.login.pwd.null','Last update @2012-02-27 12:35:59'),
	(330002,'common.label.username.input','Last update @2012-02-27 12:35:59'),
	(330003,'common.label.username.check','Last update @2012-02-27 12:35:59'),
	(330004,'jsp.login.pwd.toEmail','Last update @2012-02-27 12:35:59'),
	(330005,'jsp.login.check.error','Last update @2012-02-27 12:35:59'),
	(330006,'jsp.login.tomail.error','Last update @2012-02-27 12:35:59'),
	(330007,'jsp.login.pagetitle','Last update @2012-02-27 12:36:00'),
	(330008,'jsp.login.pwd','Last update @2012-02-27 12:36:00'),
	(340000,'jsp.messageDetail.pagetitle','Last update @2012-02-27 12:36:00'),
	(340001,'jsp.messageDetail.reply','Last update @2012-02-27 12:36:00'),
	(340002,'jsp.messageDetail.title','Last update @2012-02-27 12:36:00'),
	(350000,'jsp.messages.pagetitle','Last update @2012-02-27 12:36:01'),
	(350001,'jsp.messages.createNewMsg','Last update @2012-02-27 12:36:01'),
	(350002,'jsp.messages.newCount','Last update @2012-02-27 12:36:01'),
	(350003,'jsp.messages.total','Last update @2012-02-27 12:36:01'),
	(350004,'jsp.messages.from','Last update @2012-02-27 12:36:01'),
	(350005,'jsp.messages.date','Last update @2012-02-27 12:36:02'),
	(350006,'jsp.messages.new','Last update @2012-02-27 12:36:02'),
	(350007,'jsp.messages.rows','Last update @2012-02-27 12:36:02'),
	(360000,'jsp.messageSidebar.new','Last update @2012-02-27 12:36:03'),
	(360001,'jsp.messageSidebar.from','Last update @2012-02-27 12:36:03'),
	(360002,'jsp.messageSidebar.more','Last update @2012-02-27 12:36:03'),
	(370000,'jsp.myOpenCases.yourOpenCases','Last update @2012-02-27 12:36:03'),
	(380000,'jsp.newMessage.pagetitle','Last update @2012-02-27 12:36:04'),
	(380001,'jsp.newMessage.newMsg','Last update @2012-02-27 12:36:04'),
	(380002,'jsp.newMessage.projectUpdate','Last update @2012-02-27 12:36:04'),
	(390000,'jsp.notebook.pagetitle','Last update @2012-02-27 12:36:05'),
	(390001,'jsp.notebook.notification','Last update @2012-02-27 12:36:05'),
	(390002,'jsp.notebook.youHave','Last update @2012-02-27 12:36:05'),
	(390003,'jsp.notebook.assignedTasks','Last update @2012-02-27 12:36:05'),
	(390004,'jsp.notebook.enter','Last update @2012-02-27 12:36:06'),
	(400000,'jsp.notebookDisplay.pagetitle','Last update @2012-02-27 12:36:06'),
	(410000,'jsp.notebookEdit.pagetitle','Last update @2012-02-27 12:36:06'),
	(420000,'jsp.notebookEditor.previousVersions','Last update @2012-02-27 12:36:07'),
	(420001,'jsp.notebookEditor.notebookEditor','Last update @2012-02-27 12:36:07'),
	(420002,'jsp.notebookEditor.words','Last update @2012-02-27 12:36:07'),
	(430000,'jsp.notebookView.editThis','Last update @2012-02-27 12:36:07'),
	(430001,'jsp.notebookView.notebookContent','Last update @2012-02-27 12:36:08'),
	(440000,'jsp.peerReview.peerReviewTips','Last update @2012-02-27 12:36:08'),
	(450000,'jsp.people.pagetitle','Last update @2012-02-27 12:36:09'),
	(450001,'jsp.people.shouldKnow','Last update @2012-02-27 12:36:09'),
	(450002,'jsp.people.yourTeams','Last update @2012-02-27 12:36:09'),
	(450003,'jsp.people.allUsers','Last update @2012-02-27 12:36:09'),
	(450004,'jsp.people.target','Last update @2012-02-27 12:36:09'),
	(460000,'jsp.peopleFilter.team','Last update @2012-02-27 12:36:10'),
	(460001,'jsp.peopleFilter.caseAssociation','Last update @2012-02-27 12:36:10'),
	(460002,'jsp.peopleFilter.assignmentStatus','Last update @2012-02-27 12:36:11'),
	(470000,'jsp.peopleProfile.pagetitle','Last update @2012-02-27 12:36:11'),
	(470001,'jsp.peopleProfile.user','Last update @2012-02-27 12:36:11'),
	(470002,'jsp.peopleProfile.limitedBio','Last update @2012-02-27 12:36:11'),
	(470003,'jsp.peopleProfile.fullBio','Last update @2012-02-27 12:36:12'),
	(470004,'jsp.peopleProfile.phone','Last update @2012-02-27 12:36:12'),
	(470005,'jsp.peopleProfile.mobilePhone','Last update @2012-02-27 12:36:12'),
	(470006,'jsp.peopleProfile.sysInfo','Last update @2012-02-27 12:36:12'),
	(470007,'jsp.peopleProfile.email','Last update @2012-02-27 12:36:12'),
	(470008,'jsp.peopleProfile.forwardInboxMsg','Last update @2012-02-27 12:36:12'),
	(470009,'common.label.emailmsgdetaillevel.alert','Last update @2012-02-27 12:36:13'),
	(470010,'common.label.emailmsgdetaillevel.fullMsg','Last update @2012-02-27 12:36:13'),
	(470011,'jsp.peopleProfile.language','Last update @2012-02-27 12:36:13'),
	(470012,'jsp.peopleProfile.project','Last update @2012-02-27 12:36:13'),
	(470013,'jsp.peopleProfile.role','Last update @2012-02-27 12:36:13'),
	(470014,'jsp.peopleProfile.lastLoginTime','Last update @2012-02-27 12:36:13'),
	(470015,'jsp.peopleProfile.lastLogoutTime','Last update @2012-02-27 12:36:14'),
	(470016,'jsp.peopleProfile.inactive','Last update @2012-02-27 12:36:14'),
	(470017,'jsp.peopleProfile.active','Last update @2012-02-27 12:36:14'),
	(470018,'jsp.peopleProfile.deleted','Last update @2012-02-27 12:36:14'),
	(470019,'jsp.peopleProfile.sendSitemail','Last update @2012-02-27 12:36:14'),
	(470020,'jsp.peopleProfile.aboutYourUserInfo','Last update @2012-02-27 12:36:14'),
	(470021,'jsp.peopleProfile.fullBioE','Last update @2012-02-27 12:36:15'),
	(470022,'jsp.peopleProfile.sysInfoE','Last update @2012-02-27 12:36:15'),
	(470023,'jsp.peopleProfile.sysEmail','Last update @2012-02-27 12:36:15'),
	(470024,'jsp.peopleProfile.sysTips','Last update @2012-02-27 12:36:16'),
	(470025,'jsp.peopleProfile.pwd.change','Last update @2012-02-27 12:36:16'),
	(470026,'jsp.peopleProfile.pwd.cur','Last update @2012-02-27 12:36:16'),
	(470027,'jsp.peopleProfile.pwd.new','Last update @2012-02-27 12:36:16'),
	(470028,'jsp.peopleProfile.pwd.new.confirm','Last update @2012-02-27 12:36:16'),
	(470029,'jsp.peopleProfile.changIconTips','Last update @2012-02-27 12:36:16'),
	(470030,'jsp.peopleProfile.peopleIcon','Last update @2012-02-27 12:36:17'),
	(470031,'jsp.peopleProfile.upload','Last update @2012-02-27 12:36:17'),
	(470032,'jsp.peopleProfile.assignment','Last update @2012-02-27 12:36:17'),
	(470033,'jsp.peopleProfile.openCases','Last update @2012-02-27 12:36:17'),
	(490000,'jsp.queues.pagetitle','Last update @2012-02-27 12:36:18'),
	(490001,'jsp.queues.noQuenes','Last update @2012-02-27 12:36:18'),
	(490002,'jsp.queues.avgTime.assign','Last update @2012-02-27 12:36:18'),
	(490003,'jsp.queues.days','Last update @2012-02-27 12:36:18'),
	(490004,'jsp.queues.avgTimeComplete','Last update @2012-02-27 12:36:19'),
	(490005,'jsp.queues.content','Last update @2012-02-27 12:36:19'),
	(490006,'jsp.queues.inQueue','Last update @2012-02-27 12:36:19'),
	(490007,'jsp.queues.assignment','Last update @2012-02-27 12:36:19'),
	(490008,'jsp.queues.setAssignment','Last update @2012-02-27 12:36:19'),
	(490009,'jsp.queues.setPriority','Last update @2012-02-27 12:36:19'),
	(490010,'jsp.queues.claimThis','Last update @2012-02-27 12:36:20'),
	(490011,'jsp.queues.assignTo','Last update @2012-02-27 12:36:20'),
	(490012,'jsp.queues.noAssign','Last update @2012-02-27 12:36:20'),
	(490013,'jsp.queues.low','Last update @2012-02-27 12:36:20'),
	(490014,'jsp.queues.medium','Last update @2012-02-27 12:36:20'),
	(490015,'jsp.queues.high','Last update @2012-02-27 12:36:20'),
	(490016,'jsp.queues.update.assign','Last update @2012-02-27 12:36:21'),
	(490017,'jsp.queues.returnToQueue','Last update @2012-02-27 12:36:21'),
	(490018,'jsp.queues.iWantThis','Last update @2012-02-27 12:36:21'),
	(500000,'jsp.replyMessage.pagetitle','Last update @2012-02-27 12:36:21'),
	(500001,'jsp.replyMessage.replyMessage','Last update @2012-02-27 12:36:21'),
	(500002,'jsp.replyMessage.prjUpdate','Last update @2012-02-27 12:36:22'),
	(510000,'jsp.ruleManager.pagetitle','Last update @2012-02-27 12:36:22'),
	(510001,'jsp.ruleManager.ruleFiles','Last update @2012-02-27 12:36:22'),
	(510002,'jsp.ruleManager.ruleComponents','Last update @2012-02-27 12:36:23'),
	(510003,'jsp.ruleManager.path','Last update @2012-02-27 12:36:23'),
	(2150000,'jsp.clientpage.pagetitle','Last update @2012-02-27 12:36:23'),
	(2150001,'jsp.clientpage.h1','Last update @2012-02-27 12:36:24'),
	(2160000,'jsp.configtool.pagetitle','Last update @2012-02-27 12:36:24'),
	(2160001,'jsp.configtool.h1','Last update @2012-02-27 12:36:24'),
	(2160002,'jsp.configtool.configuration','Last update @2012-02-27 12:36:24'),
	(2160003,'jsp.configtool.width','Last update @2012-02-27 12:36:24'),
	(2160004,'jsp.configtool.height','Last update @2012-02-27 12:36:24'),
	(2160005,'jsp.configtool.targetaddr','Last update @2012-02-27 12:36:25'),
	(2160006,'jsp.configtool.parameter','Last update @2012-02-27 12:36:25'),
	(2160007,'jsp.configtool.mapptingto','Last update @2012-02-27 12:36:25'),
	(2160008,'jsp.configtool.btn.rmselected','Last update @2012-02-27 12:36:25'),
	(2160009,'jsp.configtool.btn.gencode','Last update @2012-02-27 12:36:25'),
	(2170000,'jsp.widget1.pagetitle','Last update @2012-02-27 12:36:27'),
	(2170001,'jsp.widget1.dt','Last update @2012-02-27 12:36:27'),
	(2180000,'jsp.widget2.title','Last update @2012-02-27 12:36:27'),
	(2180001,'jsp.widget2.entername','Last update @2012-02-27 12:36:27'),
	(2180002,'jsp.widget2.chooseflavor','Last update @2012-02-27 12:36:28'),
	(2180003,'jsp.widget2.chocolate','Last update @2012-02-27 12:36:28'),
	(2180004,'jsp.widget2.strawberry','Last update @2012-02-27 12:36:28'),
	(2180005,'jsp.widget2.vanilla','Last update @2012-02-27 12:36:28'),
	(2190000,'jsp.widget3.pagetitle','Last update @2012-02-27 12:36:28'),
	(2190001,'jsp.widget3.clicklinks','Last update @2012-02-27 12:36:28'),
	(2190002,'jsp.widget3.gotojournal','Last update @2012-02-27 12:36:29'),
	(520000,'jsp.scorecardDisplay.pagetitle','Last update @2012-02-27 12:36:29'),
	(530000,'jsp.scorecardIndicatorSearch.tags','Last update @2012-02-27 12:36:29'),
	(540000,'jsp.scorecardNav.readOnly','Last update @2012-02-27 12:36:30'),
	(540001,'jsp.scorecardNav.nav','Last update @2012-02-27 12:36:30'),
	(540002,'jsp.scorecardNav.questionList','Last update @2012-02-27 12:36:30'),
	(540003,'jsp.scorecardNav.submitQuestion','Last update @2012-02-27 12:36:30'),
	(540004,'jsp.scorecardNav.indicatorTags','Last update @2012-02-27 12:36:30'),
	(550000,'jsp.scorecardPRDisagree.list','Last update @2012-02-27 12:36:30'),
	(560000,'jsp.sourceWMChoice.sources.desc','Last update @2012-02-27 12:36:31'),
	(560001,'jsp.sourceWMChoice.sources.report','Last update @2012-02-27 12:36:31'),
	(560002,'jsp.sourceWMChoice.sources.acadamic','Last update @2012-02-27 12:36:31'),
	(560003,'jsp.sourceWMChoice.sources.govStudy','Last update @2012-02-27 12:36:31'),
	(560004,'jsp.sourceWMChoice.sources.organic','Last update @2012-02-27 12:36:31'),
	(560005,'jsp.sourceWMChoice.sources.govOfficial','Last update @2012-02-27 12:36:32'),
	(560006,'jsp.sourceWMChoice.sources.interAcadamic','Last update @2012-02-27 12:36:32'),
	(560007,'jsp.sourceWMChoice.sources.civilSociety','Last update @2012-02-27 12:36:32'),
	(560008,'jsp.sourceWMChoice.sources.journal','Last update @2012-02-27 12:36:32'),
	(570000,'jsp.sourceWidgetText.sourcedesc','Last update @2012-02-27 12:36:32'),
	(590000,'jsp.surveyAnswer.title','Last update @2012-02-27 12:36:33'),
	(600000,'jsp.surveryAnsDisp.pagetitle','Last update @2012-02-27 12:36:34'),
	(600001,'jsp.surveryAnsDisp.answerFrom','Last update @2012-02-27 12:36:34'),
	(640000,'jsp.surveryAnsOrig.pagetitle','Last update @2012-02-27 12:36:36'),
	(640001,'jsp.surveryAnsOrig.taskName','Last update @2012-02-27 12:36:36'),
	(650000,'jsp.surveryAnsPR.opinions','Last update @2012-02-27 12:36:36'),
	(650001,'jsp.surveryAnsPR.agree','Last update @2012-02-27 12:36:37'),
	(650002,'jsp.surveryAnsPR.opinion.1','Last update @2012-02-27 12:36:37'),
	(650003,'jsp.surveryAnsPR.opinion1.desc','Last update @2012-02-27 12:36:37'),
	(650004,'jsp.surveryAnsPR.opinion2.desc','Last update @2012-02-27 12:36:37'),
	(660000,'jsp.surveryAnsPRDisp.opinion','Last update @2012-02-27 12:36:37'),
	(660001,'jsp.surveryAnsPRDisp.opinion.1','Last update @2012-02-27 12:36:38'),
	(660002,'jsp.surveryAnsPRDisp.opinion1.desc','Last update @2012-02-27 12:36:38'),
	(660003,'jsp.surveryAnsPRDisp.opinion2.desc','Last update @2012-02-27 12:36:38'),
	(690000,'jsp.surveryAnsBar.add.question','Last update @2012-02-27 12:36:39'),
	(690001,'jsp.surveryAnsBar.question.list','Last update @2012-02-27 12:36:39'),
	(710000,'jsp.surveyOverallRev.pagetitle','Last update @2012-02-27 12:36:39'),
	(730000,'jsp.sidebar.h3','Last update @2012-02-27 12:36:40'),
	(730001,'jsp.sidebar.loadanswer','Last update @2012-02-27 12:36:40'),
	(740000,'jsp.userfinder.pagetitle','Last update @2012-02-27 12:36:40'),
	(740001,'jsp.userfinder.viewList','Last update @2012-02-27 12:36:40'),
	(740002,'jsp.userfinder.noData','Last update @2012-02-27 12:36:41'),
	(740003,'common.label.projectChoose','Last update @2012-02-27 12:36:41'),
	(740004,'jsp.userfinder.add.roleChoose','Last update @2012-02-27 12:36:41'),
	(740005,'jsp.userfinder.add.userChoose','Last update @2012-02-27 12:36:41'),
	(740006,'jsp.userfinder.add.caseSubject','Last update @2012-02-27 12:36:41'),
	(740007,'jsp.userfinder.add.error','Last update @2012-02-27 12:36:42'),
	(760000,'jsp.workflowConsole.pagetitle','Last update @2012-02-27 12:36:42'),
	(760001,'jsp.workflowConsole.workflows','Last update @2012-02-27 12:36:42'),
	(760002,'jsp.workflowConsole.workflows.runAll','Last update @2012-02-27 12:36:42'),
	(760003,'jsp.workflowConsole.workflows.id','Last update @2012-02-27 12:36:42'),
	(760004,'jsp.workflowConsole.workflows.description','Last update @2012-02-27 12:36:43'),
	(760005,'jsp.workflowConsole.workflows.createdAt','Last update @2012-02-27 12:36:43'),
	(760006,'jsp.workflowConsole.workflows.createdBy','Last update @2012-02-27 12:36:43'),
	(760007,'jsp.workflowConsole.workflows.duration','Last update @2012-02-27 12:36:43'),
	(760008,'jsp.workflowConsole.workflowObjects','Last update @2012-02-27 12:36:43'),
	(760009,'jsp.workflowConsole.workflowObjects.target','Last update @2012-02-27 12:36:43'),
	(760010,'jsp.workflowConsole.workflowObjects.object','Last update @2012-02-27 12:36:43'),
	(760011,'jsp.workflowConsole.workflowObjects.startTime','Last update @2012-02-27 12:36:44'),
	(760012,'jsp.workflowConsole.goals','Last update @2012-02-27 12:36:44'),
	(760013,'jsp.workflowConsole.goals.target','Last update @2012-02-27 12:36:44'),
	(760014,'jsp.workflowConsole.goals.sequence','Last update @2012-02-27 12:36:44'),
	(760015,'jsp.workflowConsole.goals.task','Last update @2012-02-27 12:36:44'),
	(760016,'jsp.workflowConsole.goals.user','Last update @2012-02-27 12:36:45'),
	(770000,'jsp.yourcontent.pagetitle','Last update @2012-02-27 12:36:45'),
	(770001,'jsp.yourcontent.sponsors','Last update @2012-02-27 12:36:45'),
	(770002,'jsp.yourcontent.adminAnnounce','Last update @2012-02-27 12:36:45'),
	(770003,'jsp.yourcontent.bar.assignments','Last update @2012-02-27 12:36:46'),
	(770004,'jsp.yourcontent.deadline','Last update @2012-02-27 12:36:46'),
	(10277,'jsp.casePage.casePriority','Last update @2012-03-11 09:07:42'),
	(10278,'common.label.open','Last update @2012-03-11 10:41:01'),
	(10279,'common.label.closed','Last update @2012-03-11 10:41:01'),
	(10264,'common.js.token.hint','last updated @ 2012-03-11 16:11:44'),
	(10265,'common.js.token.noResult','last updated @ 2012-03-11 16:11:59'),
	(10266,'common.js.token.search','last updated @ 2012-03-11 16:12:12'),
	(10267,'common.label.you','last updated @ 2012-03-11 16:50:13'),
	(10268,'common.label.willdo','last updated @ 2012-03-11 16:50:40'),
	(10269,'common.btn.ok','last updated @ 2012-03-11 16:51:38'),
	(10273,'common.js.hint.role.list','last updated @ 2012-03-11 19:31:31'),
	(10274,'common.js.hint.team.list','last updated @ 2012-03-11 19:33:29'),
	(10272,'common.js.hint.user.list','last updated @ 2012-03-11 19:27:21'),
	(10275,'common.js.alert.title.prompt','last updated @ 2012-03-11 19:39:54'),
	(10276,'common.js.alert.title.alert','last updated @ 2012-03-11 19:40:47'),
	(10280,'common.js.alert.submitindicators','last updated @ 2012-03-12 00:05:39'),
	(10281,'common.btn.browse','last updated @ 2012-03-13 23:48:50'),
	(10282,'common.err.invalid.answer.value','last updated @ 2012-03-17 13:05:39'),
	(10283,'common.err.badparam.section','last updated @ 2012-03-17 16:19:55'),
	(10284,'common.err.badparam.source','last updated @ 2012-03-17 13:05:39'),
	(10285,'common.err.notfind.answer','last updated @ 2012-03-17 13:05:39'),
	(10286,'common.err.notfind.surveyindicator','last updated @ 2012-03-17 13:05:39'),
	(10287,'common.err.notfind.ref','last updated @ 2012-03-17 13:05:39'),
	(2190003,'jsp.footer.privacy',NULL),
	(2190004,'common.js.peopleProfile.savePopup',NULL),
	(2190005,'common.filter.clickopen',NULL),
	(2190006,'common.filter.clickclose',NULL),
	(2190007,'common.js.msg.privatediscussion',NULL),
	(2190008,'jsp.scorecardNav.sendQuestions',NULL),
	(2190009,'common.btn.completeAssignment',NULL),
	(2190010,'common.btn.sendFeedback',NULL),
	(2190011,'common.label.engageStatus',NULL),
	(2190012,'common.label.taskStatus',NULL);

/*!40000 ALTER TABLE `text_resource` ENABLE KEYS */;
UNLOCK TABLES;



/*!40111 SET SQL_NOTES=@OLD_SQL_NOTES */;
/*!40101 SET SQL_MODE=@OLD_SQL_MODE */;
/*!40014 SET FOREIGN_KEY_CHECKS=@OLD_FOREIGN_KEY_CHECKS */;
/*!40101 SET CHARACTER_SET_CLIENT=@OLD_CHARACTER_SET_CLIENT */;
/*!40101 SET CHARACTER_SET_RESULTS=@OLD_CHARACTER_SET_RESULTS */;
/*!40101 SET COLLATION_CONNECTION=@OLD_COLLATION_CONNECTION */;
